DATE,SBUX,AMZN,MKTminusRF,SMB,HML,RMW,CMA,MOM,RF
20110504,.007438,,-.0074,-.0055,-.002,.0053,-.0034,-.0086,0
20110505,-.0019141,-.0143021,-.0082,.0048,-.0041,.0036,.0016,-.0031,0
20110506,.0008219,.0024859,.0046,.0005,-.0009,-.003,-.0008,.0054,0
20110509,,,.0055,.0066,-.0035,-.0007,-.0006,.012,0
20110510,.0030454,.0156374,.0086,.0067,.0023,.0006,-.0003,.0006,0
20110511,-.0121446,.0021575,-.0109,-.0063,-.0049,.0083,-.0043,-.0112,0
20110512,.0184409,.0082689,.0052,.003,-.0051,.0016,-.0008,-.0024,0
20110513,-.0082304,-.0170331,-.0088,-.0047,-.0019,.0022,-.0022,-.0006,0
20110516,,,-.0076,-.0097,.0037,.001,.0006,-.0072,0
20110517,.0039818,.0119474,-.0011,-.0039,.0003,.0007,-.0017,-.0046,0
20110518,.0371105,.0117037,.0102,.0065,-.0021,-.0031,.0022,.0117,0
20110519,.0144769,.0086763,.0022,.0002,-.0013,.0008,-.0013,.0029,0
20110520,-.0142703,-.0007546,-.0073,.0003,-.001,-.0023,-.0007,.003,0
20110523,,,-.0129,-.0052,0,.0038,-.0033,-.006,0
20110524,-.0041163,-.0150341,-.0014,-.0028,.0006,0,.0001,.0034,0
20110525,-.0046845,-.0052259,.0045,.0099,-.0019,-.0052,.0015,.0119,0
20110526,.0088593,.0142516,.0052,.0069,-.0021,-.0006,.0001,.0051,0
20110527,.0005489,-.0044615,.0049,.002,.002,-.0017,.0016,.001,0
20110531,,,.0104,.0034,0,-.0008,-.0004,.0025,0
20110601,,,-.0233,-.007,-.0021,.0052,-.0077,-.0026,0
20110602,-.0016676,.0064969,-.001,-.0003,.0015,-.0038,-.0004,.0008,0
20110603,-.0211581,-.0275238,-.011,-.0051,.0016,.0002,-.0006,-.0015,0
20110606,,,-.0118,-.0036,-.0037,.0064,-.0026,-.0067,0
20110607,.0053161,.0100167,-.0004,.0033,-.0014,-.0012,-.0012,.0052,0
20110608,-.005288,.002666,-.0054,-.0068,.0005,.0043,-.0039,-.0027,0
20110609,-.0058759,.0086679,.0075,-.0001,-.0002,.0006,.0025,.0045,0
20110610,-.0115395,-.0166069,-.0137,-.0017,.0036,-.0009,-.0005,-.0062,0
20110613,,,.0001,-.0041,.0029,.004,-.0037,-.0061,0
20110614,.0106017,.0197005,.0136,.0097,-.0025,.0014,.003,.0091,0
20110615,-.0116246,-.0209518,-.0172,-.0003,-.0018,.0042,-.0027,-.0045,0
20110616,.0080321,-.0125282,.0012,-.0001,.0038,.0033,-.0011,-.0082,0
20110617,.0085373,.0148108,.0025,-.0039,.0066,-.0005,.0023,-.0023,0
20110620,,,.0058,.0037,-.0005,.0024,-.0011,.005,0
20110621,.0251186,.0346793,.0152,.0092,-.003,-.0033,.0019,.012,0
20110622,.0149741,-.0133861,-.0062,-.0011,.001,-.0015,.0013,.0022,0
20110623,.0120708,.0132025,-.0014,.0058,-.0083,.0031,-.001,.0046,0
20110624,-.0100716,-.0082921,-.011,.0047,.0006,.0007,-.0017,-.0032,0
20110627,,,.0089,.001,-.0006,.0022,-.0029,.0022,0
20110628,.0331666,.0054659,.0136,.0041,-.0034,-.0013,-.0007,.0124,0
20110629,.004586,.0090437,.0077,-.0062,.0059,-.0043,.0042,-.0001,0
20110630,.0015217,.0015183,.0099,.0011,-.0023,.0005,.0026,.004,0
20110701,,,.0145,0,.0009,.0007,.0015,.0034,0
20110705,,,-.0008,.0015,-.0073,.0048,-.0052,.0122,0
20110706,-.0129427,.0046907,.0018,.0033,-.0044,.0027,-.0001,.0033,0
20110707,-.002474,.0119053,.011,.005,-.0004,-.001,-.0034,-.0025,0
20110708,.000744,.0071053,-.0067,-.0003,-.0037,.0035,-.0014,.0036,0
20110711,,,-.0191,-.0021,-.001,.0066,.0008,-.0016,0
20110712,-.0042779,-.0062103,-.0045,.0004,.0044,-.0005,.0023,-.0059,0
20110713,.0002528,.0107466,.0045,.0055,-.0018,-.0016,-.0017,.0033,0
20110714,-.0113694,-.0146136,-.0082,-.0079,.0022,.0016,.0018,-.0019,0
20110715,.0171224,.0118357,.0058,.0003,-.0036,.0001,-.0066,.0053,0
20110718,,,-.0094,-.0061,-.0036,.0055,-.0036,.0032,0
20110719,.0233502,.0308703,.0172,.0054,-.0088,.0026,-.003,.0045,0
20110720,-.0121527,-.0115106,-.001,-.0018,.0067,-.0004,.0043,-.0058,0
20110721,.0138087,-.0108559,.0129,-.0026,.0085,-.0049,.0031,-.0052,0
20110722,-.000743,.0155246,.001,-.0013,-.0069,-.0006,-.0063,.0027,0
20110725,,,-.0068,-.0055,.0011,.0019,-.0014,-.0015,0
20110726,-.0054456,.0032319,-.0047,-.0034,.0012,.0007,-.0017,-.0057,0
20110727,-.0301145,.0389393,-.0216,-.0075,.0066,.0054,.0036,-.0066,0
20110728,.0259173,.0062016,-.0031,.0012,-.0024,-.0012,-.0036,.0011,0
20110729,.0027514,-.0061634,-.0056,.0022,.0002,-.0016,.0025,.0012,0
20110801,,,-.004,-.0016,.0026,-.0008,-.0008,.0003,0
20110802,-.0298995,-.0434665,-.0268,-.0053,.0021,.0007,-.0021,-.0085,0
20110803,.017353,-.0082191,.0058,.0023,-.0046,.0025,-.0022,-.0009,0
20110804,-.0605906,-.0403887,-.0504,-.0085,.0051,.0083,.0004,-.014,0
20110805,-.0048781,.0060552,-.0036,-.0122,-.0027,.0087,.0017,-.0052,0
20110808,,,-.0697,-.0166,-.0115,.0154,-.0035,-.0109,0
20110809,.0584435,.0588023,.0497,.0107,.0021,-.0134,-.0003,.0162,0
20110810,-.0355162,-.0534399,-.043,-.007,-.0087,.0108,-.0042,.0148,0
20110811,.0676065,.0217895,.0472,.004,.0033,-.0081,-.0011,.0058,0
20110812,.0067367,.0198629,.0054,-.0031,-.0134,.006,-.003,.0116,0
20110815,,,.0225,.0049,.0089,-.0116,.0027,-.0025,0
20110816,.0122332,-.025967,-.0107,-.0081,.0001,.0061,.0037,-.007,0
20110817,-.0048855,-.0088527,-.0001,-.0026,.0073,-.0013,.0045,-.0062,0
20110818,-.1020672,-.0684428,-.0465,-.0104,.0081,.0061,.0049,-.02,0
20110819,.0100719,-.0196691,-.0155,.0007,-.0024,.0007,.001,-.006,0
20110822,,,-.0003,-.0004,-.0072,.0058,-.0005,-.0003,0
20110823,.0527372,.0901769,.036,.0115,-.0097,.0002,-.0062,.0214,0
20110824,.0174244,.00093,.0135,0,.0083,-.0036,.0055,-.0032,0
20110825,-.0254215,-.0087751,-.0167,-.0086,.0044,-.0003,.0003,-.004,0
20110826,.0266338,.0377025,.0174,.0085,-.0107,.0029,-.0056,.0133,0
20110829,,,.0311,.016,.0061,-.0105,.0036,.0008,0
20110830,.0118266,.021256,.0032,.0021,-.0066,.0027,-.0009,.007,0
20110831,.0031169,.0204343,.0042,-.007,.0023,-.0011,-.0006,-.0034,0
20110901,,,-.0133,-.0115,-.0053,.0044,-.0016,.006,0
20110902,-.0183293,-.0119507,-.0264,-.009,-.004,.0043,-.0007,.0037,0
20110906,,,-.0071,.0035,-.0054,.0026,-.0016,.0113,0
20110907,.0378808,.0172079,.0306,.01,.0056,-.0108,.001,-.0142,0
20110908,-.0066361,-.0120055,-.0118,-.0086,-.0034,.0019,-.0019,.0076,0
20110909,-.0413668,-.0270183,-.0265,-.0021,.0013,.0023,.0001,.0014,0
20110912,,,.0068,.0002,.0012,-.0028,-.0016,-.0016,0
20110913,.0143426,.0137144,.0112,.0074,-.0049,-.0001,-.0008,.0005,0
20110914,.0094266,.0138478,.0145,.0039,-.004,.0006,-.0021,.0004,0
20110915,.013489,.0189154,.0164,-.0048,.0042,-.0025,.0006,-.006,0
20110916,.0033274,.0552077,.0047,-.0041,-.002,.0023,-.0014,.0057,0
20110919,,,-.0099,-.006,-.0108,.0103,-.0029,.0186,0
20110920,-.0019436,-.0349208,-.0045,-.0144,.0033,.001,.0025,.0032,0
20110921,-.0287244,-.0059164,-.0292,-.0055,-.0099,.004,-.0035,.0106,0
20110922,-.0323308,-.0372623,-.0329,.001,.0054,.0047,.0056,.0033,0
20110923,.00259,.0017023,.0074,.0071,-.0016,-.001,.0014,-.009,0
20110926,,,.0228,-.0048,.0086,-.0044,.0005,-.0109,0
20110927,.0091162,-.0245377,.0122,.0102,-.0056,-.0015,-.0017,.0006,0
20110928,-.0105395,.0245306,-.0229,-.017,0,.0066,.0001,.0036,0
20110929,-.0319554,-.0316486,.0077,.0067,.0171,-.009,.0078,-.0181,0
20110930,-.0230547,-.0279177,-.025,-.0025,.0004,.0026,.0017,.0069,0
20111003,,,-.0318,-.0204,-.0045,.0107,.0007,.0109,0
20111004,.0290055,.0024531,.0268,.0366,-.0016,-.0056,-.0022,-.0158,0
20111005,.0214765,.0329412,.0192,-.0023,-.0052,-.0038,-.0039,-.0041,0
20111006,.0118266,.0091572,.0194,.0033,.0037,-.0032,.0015,-.0107,0
20111007,.0197402,.0145818,-.0098,-.0139,-.01,.0123,.0002,.0177,0
20111010,,,.0344,.006,.0036,-.0033,-.0021,-.0051,0
20111011,.0100196,.0179837,.0015,.0066,-.0024,.0008,-.0023,-.0031,0
20111012,.0043551,.005648,.0107,.0061,.0062,-.0047,.0021,-.0132,0
20111013,-.010118,-.0027871,-.0021,.001,-.0086,.0025,-.0032,.009,0
20111014,.0275006,.0447174,.0172,.0015,-.0035,-.0007,-.0059,.0018,0
20111017,,,-.0206,-.0139,.0003,.0035,-.0004,.009,0
20111018,.0313411,.0063962,.0211,.008,.011,-.0121,.0038,-.0207,0
20111019,-.0360425,-.0506397,-.0138,-.0076,.0049,.0018,.0053,.0044,0
20111020,.0017107,.0089837,.0042,-.0019,.0059,-.0023,.0021,-.0046,0
20111021,.0268358,.0050083,.0192,.0017,-.0007,-.0023,.0003,-.0048,0
20111024,,,.0159,.0179,-.0063,-.0019,-.0052,-.0137,0
20111025,-.0296192,-.0440217,-.0213,-.0089,-.0013,.0059,.0004,.01,0
20111026,.002907,-.1265683,.0112,.0077,.008,-.0076,.0032,-.0068,0
20111027,.0403381,.0422379,.0354,.0157,.0041,-.0125,-.0011,-.0265,0
20111028,-.0132343,.0509721,-.0001,-.0052,-.0041,-.0014,-.0025,-.0045,0
20111031,,,-.025,-.0005,-.0064,.009,.0016,.0223,0
20111101,,,-.0286,-.0068,-.0078,.0075,-.0001,.0177,0
20111102,-.0012127,.0165959,.0172,.0085,.0081,-.0054,-.0006,-.0087,0
20111103,.0053424,.0123829,.0197,.0063,-.002,.0002,-.0005,-.0036,0
20111104,.0673912,-.0082917,-.0053,-.0002,-.0046,.0013,-.0001,-.001,0
20111107,,,.0048,-.0068,.0034,.0025,.004,-.0009,0
20111108,.0029392,.0045622,.0121,.0007,.0028,-.0007,-.0011,-.0043,0
20111109,-.0317854,-.0310565,-.0378,-.0091,-.0032,.0071,.0031,.0183,0
20111110,.0132712,-.0020358,.0083,.001,.0051,.0009,.0051,-.0008,0
20111111,.0188419,.0313108,.0198,.0054,-.003,.0005,-.0018,-.0042,0
20111114,,,-.0092,-.0053,-.0073,.0041,-.0024,.0084,0
20111115,.0089367,-.0050244,.0056,.0085,-.003,.0014,-.0017,.0039,0
20111116,-.0229389,-.0268099,-.0164,-.0021,-.0011,-.0013,.0005,.0029,0
20111117,-.0230126,-.0352375,-.0165,.0018,.0029,.0021,.0043,.0121,0
20111118,-.0002379,-.0360845,-.0007,.0011,.0089,-.0009,.0062,-.0005,0
20111121,,,-.0187,-.0055,.0003,.0003,-.0006,.0091,0
20111122,.0143954,.0163276,-.0044,-.0035,-.0054,.0017,-.0025,.0094,0
20111123,-.0243614,-.017417,-.0229,-.0074,-.0019,.0056,.0018,.0074,0
20111125,,,-.0034,-.0096,.0044,-.0023,.0037,-.0005,0
20111128,,,.031,.0159,-.0079,-.0041,-.0054,-.0039,0
20111129,.0086022,-.0296678,.0018,-.0054,.003,.0013,.0035,.0052,0
20111130,.0300877,.0207017,.0444,.0118,.0069,-.0081,-.0003,-.0188,0
20111201,,,-.0022,-.0056,-.0055,.0036,-.0018,.0026,0
20111202,.0073411,-.0055801,.0005,.0056,.0056,-.0025,.0026,-.0055,0
20111205,,,.0109,.0033,.001,-.0056,-.004,-.0097,0
20111206,-.0106335,-.0216572,.0004,-.0008,.0007,.0007,.002,.0009,0
20111207,.0034302,.0173447,.0016,-.0019,.0054,.0019,.004,-.0042,0
20111208,-.0232452,-.0247799,-.0223,-.0083,-.0079,.0075,0,.0177,0
20111209,.0256649,.0133872,.0183,.0134,-.0004,-.0029,-.0022,-.0064,0
20111212,,,-.0148,-.0001,-.0031,.0058,.0028,.0102,0
20111213,-.0088636,-.0475412,-.0105,-.0105,.0026,-.0002,.0011,.0114,0
20111214,-.0119239,-.0016619,-.0121,-.0027,.0081,-.0011,.0076,.0019,0
20111215,.0071943,.0058265,.004,.0066,.0012,.0018,.0056,.0031,0
20111216,.0018433,0,.0045,.0033,-.002,.0031,-.0013,.0033,0
20111219,,,-.0131,-.0051,-.0054,.0061,-.0007,.018,0
20111220,.0330124,.0177884,.031,.0088,.0006,-.0059,-.0015,-.0122,0
20111221,.0039947,-.0447622,.002,.0003,.0135,-.0042,.0095,-.001,0
20111222,-.0053051,.0268425,.0083,-.0013,.0056,-.0071,-.0005,-.0181,0
20111223,.01,-.0097749,.0084,-.0053,-.0015,.003,0,.0038,0
20111227,,,.0004,.0042,-.0045,.003,-.0024,.01,0
20111228,-.0034828,-.013502,-.0134,-.0073,.0005,.0011,.0024,.0087,0
20111229,.0146353,-.0001725,.011,.0023,.0017,-.0015,.0009,-.0066,0
20111230,-.0094726,-.0043713,-.004,-.0008,-.0006,-.0009,.0002,-.0066,0
20120103,,,.015,-.0003,.0056,-.0047,-.0021,-.0262,0
20120104,.0194303,-.0084902,0,-.0062,-.0001,.0028,-.0006,.0013,0
20120105,.0041153,.0005634,.0039,.0021,0,-.0026,.0007,-.0058,0
20120106,.0077653,.0281516,-.0019,-.0004,-.0026,.0002,-.0004,-.0006,0
20120109,,,.0028,.0025,-.0013,-.0026,.0025,-.0034,0
20120110,.0049367,.0043683,.0097,.0044,.0032,-.0064,-.0002,-.0112,0
20120111,.0064075,-.0024535,.0013,.0019,.0018,-.0065,.0022,-.0129,0
20120112,.0101867,-.0166015,.0031,.0029,-.0005,-.0023,.0006,-.0054,0
20120113,-.005042,.0141534,-.0052,-.0026,-.0045,.0058,.001,.0105,0
20120117,,,.0036,-.0015,-.0064,.0052,-.0031,.0076,0
20120118,.0069168,.0428273,.0122,.0062,.0002,-.0043,-.0017,-.0172,0
20120119,-.0004163,.0264463,.0051,-.001,-.0033,-.0001,-.0023,-.0115,0
20120120,.0027072,-.0181024,.0003,.0029,.0054,-.0004,.001,-.0062,0
20120123,,,.0002,-.0022,.0005,.0023,-.0038,-.0045,0
20120124,.0065484,.0048901,0,.0075,-.0039,-.003,-.0022,-.003,0
20120125,.0025183,.0042781,.0091,.0005,-.0057,.0026,-.0022,-.0008,0
20120126,.0119322,.029393,-.0059,.0021,-.004,.0022,-.0004,.0027,0
20120127,-.0101366,.0106041,.0001,.0086,-.002,-.002,-.0017,-.0061,0
20120130,,,-.0031,-.0049,-.003,.0039,.0003,.0074,0
20120131,-.0115512,.0119178,-.0005,-.0006,.0007,-.0004,-.0013,.0024,0
20120201,,,.011,.0115,.0019,-.004,.0029,-.0079,0
20120202,-.0120233,.0125933,.0017,.0038,.0003,-.0047,-.0002,-.0052,0
20120203,.0138481,.0327977,.0158,.0066,.0007,-.0051,-.0023,-.0147,0
20120206,,,-.0005,-.0028,-.0007,-.0005,-.0022,-.0028,0
20120207,.002485,.0057333,.0016,-.0028,-.0003,.0014,0,.0031,0
20120208,.0064037,.0070036,.0025,-.0007,.0032,-.001,.0001,-.0045,0
20120209,.0098522,-.0026957,.0015,-.004,-.0034,.0026,.0004,.0025,0
20120210,-.0077236,.0030273,-.0075,-.0059,-.0001,.0026,.0017,.01,0
20120213,,,.0075,.0059,-.0015,-.0009,.0001,.0022,0
20120214,-.0026396,-.0015136,-.0009,-.0043,-.0031,.0046,-.0021,.0062,0
20120215,-.0130293,-.0357031,-.005,-.0024,.0018,-.0019,.0004,-.0046,0
20120216,.0008251,-.0246111,.0127,.0071,.0011,-.0024,-.0016,-.0097,0
20120217,-.0014427,.0142834,.0016,-.0023,.0046,.0012,.003,-.0015,0
20120221,,,-.0005,-.006,.0032,.0005,-.0033,.002,0
20120222,.0014505,-.0092176,-.0039,-.0038,-.0053,.0049,-.0014,.0057,0
20120223,.0026898,-.0093587,.0056,.009,-.0005,-.0042,.0023,-.0016,0
20120224,-.0033017,.0013416,.0015,-.0048,-.005,.0011,-.0021,.0016,0
20120227,,,.0014,-.0012,.0025,.0006,.0009,.001,0
20120228,.0140991,.0295189,.0028,-.0061,-.0017,.0028,-.0003,.0022,0
20120229,-.007156,-.0223613,-.0055,-.0107,.0022,.0007,.0031,.0068,0
20120301,,,.0064,-.0015,-.0004,.0005,-.0008,-.0031,0
20120302,.0036953,-.0041101,-.0046,-.0124,.0006,.0008,.0035,.0036,0
20120305,,,-.004,.0043,.0034,.0004,.0038,.0125,0
20120306,-.014478,.0046045,-.0162,-.0038,-.0014,.0043,-.002,.0111,0
20120307,.0240017,.0147993,.008,.0034,.001,-.002,.0006,-.0047,0
20120308,.0177813,.0210589,.0107,.0039,-.0038,-.0003,.0005,-.0013,0
20120309,.0291841,-.0176934,.0049,.0091,.0009,-.0009,-.0001,-.0041,0
20120312,,,-.0007,-.0023,-.0001,.002,.0009,.0078,0
20120313,.0240657,.0065434,.0186,.0023,.0048,-.0049,-.0009,-.0121,0
20120314,.006496,-.0126226,-.0023,-.006,-.0031,.0056,.0014,.004,0
20120315,.0074032,.0119061,.0067,.0033,.0039,-.0042,.0016,-.0117,0
20120316,.002638,.0033618,.0006,-.0026,.0044,-.0046,-.0016,-.0091,0
20120319,,,.0041,.005,-.0018,-.0008,-.0035,.0014,0
20120320,.0033614,.0367076,-.0039,-.0061,.0023,.0009,.0013,.0012,0
20120321,.001489,-.0031197,-.001,.0028,-.0036,.0013,.0009,.003,0
20120322,.0260174,.0034945,-.0074,-.0016,-.0039,.0053,-.0002,.0125,0
20120323,.0025358,.0137214,.0039,.0061,.0027,-.003,-.0018,-.0049,0
20120326,,,.0145,.0049,-.0041,.0019,-.0017,.0004,0
20120327,.00626,.0126682,-.003,-.004,-.0027,.0005,-.0012,.0049,0
20120328,-.0040882,-.0208333,-.0051,.0001,.0023,-.0019,.0038,.0053,0
20120329,-.0053543,.0171505,-.0016,-.0006,-.0016,.0013,.0013,.0011,0
20120330,.002871,-.0102635,.0028,-.0067,-.0006,-.0003,.0018,-.0016,0
20120402,,,.0077,.0035,.0003,.0017,-.0034,-.0002,0
20120403,.0042351,.0081293,-.0034,-.0033,-.0027,.0016,.0021,.01,0
20120404,.0008786,-.0283983,-.0111,-.0063,.0019,.0015,.0036,.0086,0
20120405,.0214186,.0020619,-.0003,-.0011,-.0045,.0027,-.0018,.0094,0
20120409,,,-.0121,-.0046,.0001,.0049,.0016,.0071,0
20120410,-.0111459,-.025486,-.0185,-.0046,.0011,.0021,.0008,.0018,0
20120411,.0442057,.0052947,.0085,.0082,.0008,-.0014,.0015,-.0031,0
20120412,.0226008,.0144704,.0144,.001,.0024,-.0038,-.0019,-.0135,0
20120413,.0171532,-.0116944,-.0125,-.0025,-.0049,.0053,.0011,.0137,0
20120416,,,-.0009,.002,.0077,-.0018,.0045,.0001,0
20120417,-.0165968,.0155795,.0155,.0003,-.003,-.0013,-.0035,-.0044,0
20120418,.0284692,.0142258,-.0043,-.0044,-.0045,.0041,-.001,.0058,0
20120419,-.0251948,.000157,-.0057,-.0006,.0034,-.0032,.003,-.0055,0
20120420,.0059513,-.0058609,.0011,.0048,0,.0021,.0063,.0109,0
20120423,,,-.0095,-.0051,.002,-.0003,-.0003,.001,0
20120424,-.0087091,.0111028,.0029,.0028,.0094,-.0063,.007,-.0061,0
20120425,.0249785,.021489,.0144,.0035,-.0106,.0023,-.0075,.0041,0
20120426,.0194958,.0080753,.0075,-.0002,-.0005,-.0016,-.0021,.0001,0
20120427,-.0532476,.157457,.0035,.007,-.0027,.0017,-.0016,.0037,0
20120430,,,-.0049,-.0062,.0022,-.0008,-.0014,-.0024,0
20120501,,,.0048,-.0075,.0046,-.001,.0005,-.0058,0
20120502,.0045092,.0009129,-.0015,.0066,-.0064,.005,.0029,.0116,0
20120503,-.0219267,-.0034745,-.0092,-.0065,.0013,.0041,.0032,.0095,0
20120504,-.019241,-.023796,-.0162,-.0022,.0029,.0006,.0015,.0026,0
20120507,,,.0004,.0015,.0046,-.0031,.003,-.0002,0
20120508,-.0232516,-.0055961,-.0041,.0032,.0045,.0003,.0026,.0018,0
20120509,-.0016608,-.004109,-.0062,.0014,-.0024,.0001,-.0011,.001,0
20120510,.0138632,.0166383,.0029,.0008,.0063,-.0006,.0052,.008,0
20120511,.002917,.0043672,-.0029,.001,-.0089,-.0001,-.0007,.0056,0
20120514,,,-.0114,-.0017,0,.0003,.0008,.0026,0
20120515,-.0061486,.0065492,-.0052,.005,-.0018,.0038,.0002,.0117,0
20120516,-.0059992,-.0014707,-.0044,-.0023,-.0037,.0054,.0024,.0088,0
20120517,-.0254621,-.0254396,-.0164,-.0054,.0048,-.0002,-.0005,-.0013,0
20120518,-.0027095,-.0206539,-.008,-.0021,.0027,.0007,.0037,.0061,0
20120521,,,.0169,.0058,-.0117,-.0007,-.0065,-.0065,0
20120522,-.0061453,-.0127459,0,-.008,.0029,-.0007,.0001,.0046,0
20120523,.0359753,.0090559,.0026,.0051,-.0031,.0006,-.001,-.0042,0
20120524,-.0095859,-.0093888,.0016,.0002,.0021,.0023,.0056,.0076,0
20120525,-.0036522,-.0109181,-.0016,.0024,-.0007,.0014,.0013,-.0053,0
20120529,,,.0114,.0021,-.0005,-.0019,-.0006,-.0081,0
20120530,-.0152933,-.0257043,-.0147,-.0032,-.0021,.0056,-.0003,.0122,0
20120531,.0029234,.0175883,-.0023,.002,.0053,-.0014,.0024,.002,0
20120601,,,-.026,-.0061,.0046,-.0007,.0006,-.0002,0
20120604,,,-.0005,.0005,-.0048,.0031,-.0041,.0044,0
20120605,-.0276438,-.0063383,.0068,.0033,0,-.005,-.0005,-.0096,0
20120606,.0202252,.0207776,.0232,.0015,.0017,-.0041,-.0014,-.01,0
20120607,-.0005611,.0053299,-.001,-.0046,.0017,0,.0025,.0039,0
20120608,.0028069,-.0014626,.0085,.0024,-.0006,-.0006,.001,.0037,0
20120611,,,-.014,-.0085,.0013,.0033,.0032,.0097,0
20120612,.003975,-.0003695,.0116,.0017,-.0003,-.0023,0,-.0037,0
20120613,-.033371,-.0078089,-.0077,-.0044,.0034,.0013,.0008,.0032,0
20120614,.0206749,-.001304,.0104,.0022,.0034,-.0009,.0037,.0004,0
20120615,.004013,.0181861,.0107,.0013,-.0015,-.001,-.0044,-.008,0
20120618,,,.0021,.0008,-.008,.002,-.0018,.0077,0
20120619,.0173496,.0061529,.0109,.0071,.0007,-.0025,-.0032,-.0113,0
20120620,.009434,-.0045083,-.0014,-.0007,0,.0004,-.0003,-.004,0
20120621,-.0282171,-.0109855,-.0226,-.001,.0017,.0001,.0067,.0129,0
20120622,.0105419,.0072086,.0079,.0064,.0004,-.003,-.0012,-.0018,0
20120625,,,-.0162,.0004,-.0002,.0032,.002,.0115,0
20120626,.0123851,.0251738,.0052,-.001,-.0002,-.001,.0004,.0037,0
20120627,-.0222428,.0000443,.0092,.004,.004,-.0056,0,-.0095,0
20120628,-.0125118,-.0191029,-.0024,.0016,.0058,.0006,.0051,-.0056,0
20120629,.023613,.0318106,.0255,.0034,-.0078,-.0021,-.006,-.0116,0
20120702,,,.0033,.0069,-.0001,-.0029,.0019,.0084,0
20120703,-.0161016,.0009157,.0076,.0074,.0011,.0018,-.006,-.0132,0
20120705,,,-.0036,.0043,-.0088,.0054,-.0026,.0065,0
20120706,-.0082061,-.0088523,-.0099,-.004,.0041,-.0003,.0066,.0112,0
20120709,,,-.0023,-.0026,-.0026,.0015,-.0001,.011,0
20120710,-.0009544,-.0246612,-.0084,-.0041,.0034,-.0002,.0029,.0096,0
20120711,-.0034391,-.0051481,-.0008,-.0028,.0085,-.0018,.0005,-.0049,0
20120712,.0099693,-.0137839,-.005,.0012,-.0065,-.0021,.0006,.0086,0
20120713,.0176538,.0140695,.0162,-.0026,.0047,-.0006,.0004,-.0028,0
20120716,,,-.0031,-.0043,-.0023,.0006,-.0001,.003,0
20120717,.0156899,.0042591,.0067,-.0052,.0033,-.0014,.0018,-.0017,0
20120718,-.008003,.0024893,.0071,.0023,-.0088,.0041,-.0069,-.0038,0
20120719,.0168856,.0400055,.0027,-.0046,-.0104,.0052,-.0082,-.0037,0
20120720,-.0413284,.0093735,-.0106,-.0038,.0022,-.0019,.0033,.0027,0
20120723,,,-.0102,-.0066,.0018,.0009,.0037,.0051,0
20120724,-.0023715,-.013141,-.0099,-.0056,.002,-.0019,.001,.0099,0
20120725,-.0013867,-.0268561,-.0001,.0025,-.0005,-.0029,.0007,-.0012,0
20120726,.0394763,.0136374,.0153,-.008,.003,-.0002,.0023,-.0066,0
20120727,-.094084,.0786783,.0196,.0058,.0009,-.0019,-.0035,-.0096,0
20120730,,,-.0013,-.0041,.0038,.0009,.003,.0005,0
20120731,-.0341297,-.0118175,-.0047,.0004,.0015,.0045,-.0005,-.0006,0
20120801,,,-.005,-.0153,.0034,.0016,.0016,-.0004,0
20120802,-.0141617,-.0055151,-.0069,.0015,-.0031,-.0008,.001,.0122,0
20120803,.0173772,.0180235,.0199,.0063,.0041,-.0025,-.0018,-.0074,0
20120806,,,.0034,.0057,.0007,-.0022,-.002,-.0089,0
20120807,.0420884,.0109833,.0064,.0043,-.0002,.0022,-.0048,-.0141,0
20120808,-.0004414,-.0092154,.0009,-.0018,.0055,.0017,.0044,-.0013,0
20120809,-.0039744,-.0013653,.0012,.0034,.0011,-.003,-.0041,-.008,0
20120810,.0101973,-.0055968,.0017,-.0035,-.0003,.0008,.0007,-.0029,0
20120813,,,-.0014,-.0018,-.0005,-.0008,.0006,.0049,0
20120814,.0069399,.0032266,-.0003,-.0044,-.0001,.0018,.0024,.0073,0
20120815,.0359681,.0181397,.0027,.0072,-.0012,-.0003,-.0009,-.0019,0
20120816,.0062371,.0173954,.0075,.005,-.0024,.001,-.0021,-.0063,0
20120817,-.003719,-.0015732,.0027,.006,.0003,0,-.0013,.0009,0
20120820,,,-.0006,-.0043,.0055,-.0021,.0015,-.0013,0
20120821,.0008325,-.0037446,-.0031,.0019,.0032,-.0001,-.0006,-.0057,0
20120822,.0006238,.0152433,0,-.005,-.0032,-.0015,-.0033,.0038,0
20120823,-.0045718,-.0078158,-.0078,-.0007,-.004,-.0017,.0011,.0047,0
20120824,.0167014,.0188226,.0061,-.0029,-.0006,-.0009,.0018,.0023,0
20120827,,,-.0006,.0013,-.001,.0005,-.0015,.006,0
20120828,.004477,.0089784,.0001,.0056,-.0013,-.0003,-.0001,.0008,0
20120829,-.0038493,.0041038,.0015,.0028,.0001,-.0007,.0013,.0009,0
20120830,.0109823,-.0036419,-.008,-.0044,0,-.0001,.0024,.0042,0
20120831,-.0020116,.0083259,.0052,-.0005,-.0004,-.0004,-.0031,-.0044,0
20120904,,,.0008,.0091,-.0015,-.0031,.001,.0075,0
20120905,.0058574,-.0066968,-.0005,-.0005,.0027,-.0006,.0004,-.0043,0
20120906,.0208836,.0209569,.0207,0,.0021,-.0003,.0009,-.0064,0
20120907,.0064909,.0308696,.0045,.0013,.0079,.0012,.0006,-.0138,0
20120910,,,-.0057,.0027,.0009,.0003,.0037,-.0015,0
20120911,-.0019674,-.0055234,.0028,.0009,.0055,-.0008,.0018,-.0064,0
20120912,.0086733,-.0001564,.0027,.0014,.0026,-.0034,.0002,-.0006,0
20120913,.0107485,.0180338,.0156,-.0028,.005,-.0029,0,-.003,0
20120914,-.024362,.0039579,.0054,.0065,.0024,.0015,-.004,-.0118,0
20120917,,,-.0042,-.0031,-.0072,.0018,-.002,.0082,0
20120918,-.0082561,.002907,-.0015,-.0004,-.0032,-.0005,.0004,.0018,0
20120919,.0174619,.0113236,.0018,-.0014,.0008,-.0016,.0027,.0044,0
20120920,.0215525,-.0033247,-.0013,-.0044,-.001,-.0002,.0013,.0019,0
20120921,-.0023442,-.0128062,.0004,.0046,-.0001,-.0023,.0015,.0026,0
20120924,,,-.0026,-.0017,.0044,-.0014,.0045,.0018,0
20120925,-.0123143,-.0091837,-.0111,-.0041,-.0026,-.0004,.0038,.0062,0
20120926,-.0085098,-.0110513,-.0057,-.0005,.0003,.0015,.0012,-.0035,0
20120927,.0187625,.0277166,.0099,.0025,-.0024,.0009,-.0033,.0038,0
20120928,-.0064656,-.0088468,-.0046,-.0032,-.0013,-.0006,.0004,-.0008,0
20121001,,,.0026,.001,.0023,-.0003,.002,-.001,0
20121002,-.0169492,-.005595,.001,-.0016,.0031,-.0021,.0004,.0009,0
20121003,.003854,.021229,.0036,-.0065,-.0002,-.0026,.0035,.012,0
20121004,-.0078804,.017779,.0076,-.0002,.0072,-.0009,.0021,-.0029,0
20121005,-.0073319,-.0075248,-.0003,-.0018,.0023,-.0012,.006,.0019,0
20121008,,,-.0036,-.0018,.0031,.0002,.0011,-.0044,0
20121009,-.0289171,-.0312669,-.0105,-.0027,.0059,0,.0004,-.0041,0
20121010,-.0084477,-.0237887,-.0058,.0039,.002,-.0031,.0025,.005,0
20121011,.0044728,-.003143,.0011,.0042,.007,-.0019,.0007,-.0085,0
20121012,.0004241,-.0076161,-.0034,-.0045,-.0072,.0041,-.002,.0012,0
20121015,,,.0079,-.0021,.0026,-.0025,.0024,.0021,0
20121016,.0270611,-.0009828,.01,-.0026,-.0021,.0024,-.0061,-.0028,0
20121017,-.0116422,.0145528,.0049,.0026,.011,-.0061,.0036,.0017,0
20121018,-.0202521,-.0106671,-.0031,-.0051,.0033,-.0014,.004,-.0027,0
20121019,-.0362793,-.0198081,-.0168,-.0033,.0043,-.0012,.0043,.0027,0
20121022,,,.0001,-.0006,.0008,.0014,-.0015,.001,0
20121023,-.0072847,.0022671,-.0129,.009,-.0054,0,0,-.0024,0
20121024,.0064487,-.0248389,-.0028,-.0017,.0033,-.0026,.0015,.0097,0
20121025,.0218737,-.0243775,.0027,.0021,-.0004,.0011,-.0008,-.0059,0
20121026,-.0082162,.0687242,-.0007,-.002,-.0035,.0023,-.0021,.0001,0
20121031,,,.0014,.0059,.0027,.0008,.001,-.0016,0
20121101,,,.0119,.0022,.0005,.0042,.0006,-.0084,0
20121102,.0905191,.0012062,-.0104,-.0052,.0029,.002,.0046,.0003,0
20121105,,,.0028,.0037,-.0039,-.0001,-.0022,-.0012,0
20121106,.0137228,.013784,.008,.0003,.0053,.0024,.0016,-.0047,0
20121107,.0019339,-.023152,-.0231,-.0025,-.0132,.0022,.0006,.0058,0
20121108,-.0183362,-.0202964,-.0124,-.0028,.0048,-.0039,.004,.0009,0
20121109,.0019662,-.0045745,.0015,.0002,-.0016,.0016,-.0006,.0028,0
20121112,,,0,-.0015,.0004,.0012,-.0003,.0001,0
20121113,-.0073007,.000574,-.004,-.0023,-.002,-.0001,.0025,.0058,0
20121114,-.0292189,-.0161077,-.014,-.0039,-.0022,.0009,-.0027,-.0053,0
20121115,-.0083948,-.0105404,-.0024,-.0033,.0016,.0008,.001,-.0053,0
20121116,.0068139,.0209882,.0058,.0005,.0002,-.0035,.0023,.0085,0
20121119,,,.0198,.0029,-.001,.0055,-.0019,.0019,0
20121120,.0064334,.017718,.0011,-.0004,.0005,-.0026,.0016,.0082,0
20121121,.0089892,.0181795,.0031,.0034,-.0006,-.0003,.0007,-.002,0
20121123,,,.0128,-.0012,-.0005,.0029,-.0003,-.0022,0
20121126,,,-.0014,.0048,-.0012,-.0011,-.0029,.0011,0
20121127,-.0133622,-.0009031,-.0043,.0039,-.0018,-.0002,.0004,-.0026,0
20121128,.023103,.0152424,.0083,0,-.0025,.0028,-.0015,-.0028,0
20121129,.0083707,.0168346,.0054,.0069,-.0006,-.0021,-.0018,.0005,0
20121130,.0013513,.0031042,.0002,-.0015,.0036,-.0027,.0031,.0007,0
20121203,,,-.0046,.0028,.0015,-.0001,.0003,.0008,.001
20121204,-.0129369,.0086286,-.0016,.0035,-.0003,0,.0006,-.0052,.001
20121205,-.0064554,.005822,.0017,-.0058,.0106,-.0063,.0065,-.0089,.001
20121206,.0572947,-.0023232,.0031,-.0018,-.002,.002,-.0017,-.0004,.001
20121207,-.0011173,-.0003946,.0027,-.0034,.0031,-.0009,.0041,-.0032,.001
20121210,,,.0011,.0043,.001,-.0017,0,-.0035,.001
20121211,.0043429,.0117851,.0068,.0041,-.0014,-.0014,-.0027,-.0027,.001
20121212,.0077082,.0042682,-.0002,-.0062,.0053,-.0036,.0016,-.002,.001
20121213,-.0078358,-.0020257,-.0057,.0004,.0003,.0001,.0021,-.0022,.001
20121214,.0033847,-.008199,-.0034,.0031,.0026,-.0018,.0035,-.0046,.001
20121217,,,.0116,.0002,.0051,-.0036,.0006,.0075,.001
20121218,-.0043972,.0257622,.012,.0041,.0006,.0015,-.0059,-.0044,.001
20121219,-.0012882,-.009255,-.006,.0059,.0018,-.0003,-.0025,-.0008,.001
20121220,-.0011056,.0136052,.0053,-.0013,.0069,-.0042,.0024,.0021,.001
20121221,-.0112525,-.0175143,-.0088,.0042,-.0028,.002,-.0013,-.0023,.001
20121224,,,-.0024,-.0022,-.0005,-.001,.0015,.004,.001
20121226,,,-.0054,-.0011,.0033,-.0008,.0015,-.0042,.001
20121227,.0020704,-.0012871,-.0011,-.0002,-.0019,.0025,-.0004,.0028,.001
20121228,-.0112698,-.0126052,-.01,.0047,-.0003,-.0003,.0012,.0033,.001
20121231,,,.0171,.0038,-.0003,.0011,-.0026,.0024,.001
20130102,,,.0262,.0012,.0031,-.0058,-.0002,.002,0
20130103,.0067273,.0045471,-.0014,.0013,.0011,.0009,.0023,-.0045,0
20130104,.0057793,.002592,.0055,.0019,.0048,-.0038,.0026,-.0037,0
20130107,,,-.0031,-.0006,-.0041,-.0007,-.0013,.0016,0
20130108,-.0017947,-.0077478,-.0027,.0004,.0001,-.0013,.0008,.0085,0
20130109,-.0177993,-.0001126,.0034,.0024,-.0039,-.0003,-.0015,.0008,0
20130110,-.0016474,-.003792,.0066,-.0058,.0045,-.0015,.0004,-.002,0
20130111,.0086175,.0097988,.0002,.0005,-.004,.0031,-.0023,-.0017,0
20130114,,,-.0006,.0001,0,-.0012,.0037,-.0026,0
20130115,-.0034754,-.0030434,.0019,.0029,.0003,-.0006,.0008,-.0033,0
20130116,-.0023862,-.0109231,-.0004,-.0022,.0016,.0005,-.0002,.0019,0
20130117,.0027599,.0057636,.0061,.0038,-.0003,.0017,-.0001,-.0019,0
20130118,.0056881,.0060632,.0029,.0002,-.0001,.0004,.0028,.0004,0
20130122,,,.0048,.002,.0052,-.0025,.0012,-.0021,0
20130123,-.0096382,-.0076983,.001,-.0034,-.0015,-.0018,-.0015,.004,0
20130124,.0020198,.0199545,.0009,.0034,.0008,.0002,.0051,-.0081,0
20130125,.0410482,.0385065,.0059,-.0005,-.0027,-.0005,-.0019,-.0016,0
20130128,,,-.0014,.0037,.0011,-.0002,-.0006,-.0034,0
20130129,-.0074974,-.0568396,.0036,-.0044,.0045,-.0024,.0029,.0008,0
20130130,.0071943,.0476666,-.0038,-.0087,.0008,-.0005,-.0001,.0011,0
20130131,.0021428,-.0266168,-.0008,.0072,.0015,-.0017,.001,-.0036,0
20130201,,,.0099,.0009,.0019,-.0029,-.0004,.0035,0
20130204,,,-.0119,-.001,-.0009,.0004,.0001,-.0001,0
20130205,.0019611,.026579,.0107,-.0005,.0021,.0009,-.0009,.0011,0
20130206,-.0026691,-.0174979,.0015,.0032,.0011,-.0013,.0003,-.0031,0
20130207,-.0033898,-.007589,-.0015,-.0009,-.0002,.0012,-.0003,-.0014,0
20130208,.0091299,.0066095,.0058,.0004,-.0028,.0018,-.0046,-.0016,0
20130211,,,-.0008,-.0001,.0033,-.0025,.0028,-.0002,0
20130212,.0021375,.005793,.0016,.0028,.0072,-.0049,.0045,-.0001,0
20130213,-.007643,.0416312,.0014,.0007,.0012,-.0012,-.0004,.0016,0
20130214,-.0050153,-.0008536,.0011,.0032,.0004,-.0032,-.002,-.0007,0
20130215,-.0217822,-.0154137,-.0011,-.0001,-.0005,-.0003,.0012,.0046,0
20130219,,,.0074,.0025,.0021,-.0014,.0032,-.0004,0
20130220,-.0209366,-.0123818,-.0136,-.0062,-.0067,.003,.0011,.0005,0
20130221,.0007503,-.0017642,-.0066,-.0031,-.0009,-.0002,.0026,-.0006,0
20130222,.0153702,-.0019553,.0094,.0017,0,-.0019,-.0011,.002,0
20130225,,,-.0182,-.0028,-.006,.0058,-.0039,-.001,0
20130226,.0013155,-.0019626,.0058,-.0019,.0006,-.0008,.0022,.004,0
20130227,.0242117,.0149985,.0129,-.0032,.0019,-.0022,.0004,.0051,0
20130228,.005131,.0038746,-.0005,.001,-.0008,-.0001,0,.0031,0
20130301,,,.0022,.0011,-.0035,-.0006,0,.0098,0
20130304,,,.0047,-.0039,.0009,-.0035,.0042,.0123,0
20130305,.0145421,.0090806,.01,.0022,-.0009,.0009,0,.0009,0
20130306,.0104406,-.0065314,.0018,.0015,.004,-.0024,.0013,-.0024,0
20130307,.0201401,.0003287,.0027,.0027,.0029,-.0003,-.0006,-.0038,0
20130308,.0072103,.0011319,.0052,.0041,-.0012,-.0006,.0001,-.0002,0
20130311,,,.003,-.0027,.0021,.0002,.0002,-.0025,0
20130312,-.0056305,.0106548,-.0022,.0003,-.0008,.0027,.0007,-.0022,0
20130313,.0053192,.0035385,.002,.0023,.0009,.0008,.0026,.0009,0
20130314,-.0155317,-.034024,.0058,.004,.0039,-.0003,0,-.0044,0
20130315,-.0003467,-.0147512,-.0019,.0014,.0036,.0009,-.0001,-.0061,0
20130318,,,-.005,.0009,-.0022,.0031,-.0004,0,0
20130319,-.0017565,-.0057389,-.0024,-.0007,.0003,.0011,.0036,.0033,0
20130320,.0105578,.003393,.0076,.0021,.0003,-.0023,.0022,.0042,0
20130321,-.0066168,-.0151197,-.0085,.0012,-.0025,0,.0006,.0007,0
20130322,.0057844,.0172067,.0062,-.0051,-.0023,.0019,-.0014,.0019,0
20130325,,,-.0029,.003,.0004,.001,-.0003,-.0002,0
20130326,.0063503,.0167565,.0076,-.0039,-.0017,0,-.0005,.0043,0
20130327,-.002454,.0191694,-.0002,.0011,-.002,.0004,-.001,.0014,0
20130328,.0007029,.0044855,.0039,-.003,-.0025,-.0022,.0008,.005,0
20130401,,,-.0057,-.009,.0004,.0013,.0025,.0037,0
20130402,.0244417,.0065365,.0033,-.009,-.0031,.0005,.0003,.0032,0
20130403,-.009612,-.016292,-.0116,-.0043,-.0024,.0052,-.0012,-.0062,0
20130404,.0071057,.000193,.0042,.0025,.0017,-.0009,.0028,.0017,0
20130405,-.0053347,-.0138953,-.0041,.0008,.0045,-.0026,.0024,.0016,0
20130408,,,.007,.0012,.0026,-.0028,.0011,.0026,0
20130409,-.0122161,.0084572,.0031,-.0039,.0012,0,-.0037,-.0039,0
20130410,.0067932,.0139005,.0128,.0063,-.0018,0,-.0007,-.0002,0
20130411,.0134949,.0191865,.0035,-.0017,-.0011,.0008,.0047,.0048,0
20130412,.008706,.0111914,-.0028,-.0018,-.0044,.0001,.0006,.0025,0
20130415,,,-.0248,-.0151,-.0037,.0009,-.0005,-.0028,0
20130416,.0147289,.0172568,.0147,.0015,.0002,-.0039,-.0006,.0077,0
20130417,-.0066599,-.0181391,-.0146,-.0037,-.0043,.0009,.0027,.0031,0
20130418,-.0077359,-.0298429,-.0071,.0015,.0018,.0029,.0009,-.0025,0
20130419,.011781,.0034693,.0097,.0004,.0018,-.0039,.0018,.0125,0
20130422,,,.0045,-.0017,-.0023,.0023,-.003,-.0004,0
20130423,.0127899,.0202998,.0111,.0053,.0052,-.0039,.0025,.0009,0
20130424,.0074087,-.0004462,.0006,.0051,.0111,-.0008,-.0026,-.009,0
20130425,.0111984,.0220255,.0049,.0023,-.0019,-.0006,-.0007,-.0024,0
20130426,-.0082645,-.0724063,-.002,-.0035,-.001,.0006,.0009,-.0007,0
20130429,,,.0067,.001,-.0009,.0022,-.0032,-.0059,0
20130430,.0042918,.0162969,.0029,.0035,-.0002,.0022,-.0031,-.0078,0
20130501,,,-.0108,-.0146,-.002,-.0001,-.0011,-.0004,0
20130502,.0039907,.0174032,.0104,.0056,.001,-.0044,-.0025,.0039,0
20130503,.024677,.0217778,.0112,.0061,.001,-.0011,-.0026,-.0036,0
20130506,,,.0023,.0032,.0075,-.004,.0007,-.0005,0
20130507,-.0046415,.0078602,.0054,.002,.0016,.0026,.0027,.002,0
20130508,.0035376,.003686,.0045,-.0016,.0003,.0015,-.0015,-.0061,0
20130509,-.0008011,.0057214,-.0031,.0009,-.0038,.0009,-.0018,.0002,0
20130510,.0118665,.013338,.0054,.0042,-.0029,-.002,-.0002,.0013,0
20130513,,,-.0002,-.0025,-.0009,-.004,.0006,.0037,0
20130514,.011143,.0144417,.011,.0017,.0026,-.0022,.0016,.0045,0
20130515,.0086587,-.0065963,.0051,-.0012,.0024,-.0012,.003,.005,0
20130516,-.0081161,-.0091537,-.005,.0018,-.0035,.0019,-.0037,-.0079,0
20130517,.0091266,.021884,.0104,.001,.0024,.0008,-.0018,-.0008,0
20130520,,,-.0006,.0043,.0044,.0023,-.0021,-.01,0
20130521,.0065799,.0045958,.0016,-.0007,-.0008,.0023,.0021,-.0001,0
20130522,-.0015564,-.0219445,-.0092,-.0074,-.0015,.0027,.0032,.0007,0
20130523,-.0098207,-.0044113,-.0019,.0048,-.001,.0002,.001,.0009,0
20130524,-.0025189,-.0002292,-.0006,.0016,-.0007,.0001,.0001,.0016,0
20130528,,,.0077,.007,.0017,.0002,-.0018,.0045,0
20130529,-.0098039,-.0065846,-.007,-.0023,.0039,-.0009,-.0028,-.006,0
20130530,-.0025145,.0048958,.005,.0039,.0039,-.0042,.0001,.0016,0
20130531,-.0051993,.0088822,-.0131,.0046,-.0022,.001,-.0012,-.0026,0
20130603,,,.0048,.0015,-.0006,.0021,-.0005,-.0033,0
20130604,-.0020485,-.0044214,-.0055,-.0026,-.0012,.0041,-.0005,-.0045,0
20130605,-.0156324,.0055326,-.0138,.0001,-.0025,.001,-.0017,-.0052,0
20130606,.0109079,.0024702,.0089,.0019,.0021,-.0051,.0035,.0084,0
20130607,.0320533,.0337528,.013,-.0044,.0003,-.0027,-.0006,.0056,0
20130610,,,.0007,.0066,.002,-.0024,-.0011,.0013,0
20130611,-.0104372,-.0223788,-.0104,-.0006,-.0057,.0031,.0003,-.0028,0
20130612,-.0148273,-.0113181,-.0082,.0004,.0002,.0012,.0015,-.0036,0
20130613,.0235842,.0151654,.0147,.0014,.0026,-.0022,.0028,.0051,0
20130614,-.0056087,-.0065268,-.0059,-.0029,-.0045,.0012,-.0004,.0024,0
20130617,,,.0074,-.0007,0,-.0019,-.0038,.0027,0
20130618,.0162048,.0133065,.008,.0036,-.001,-.0002,.0005,.0015,0
20130619,-.0102831,-.0127769,-.0128,.0022,.0006,.0007,-.0026,.0007,0
20130620,-.017919,-.0169687,-.0245,.0003,.0018,.0015,-.0008,-.0068,0
20130621,-.0081263,-.0002926,.0013,.0018,-.0013,-.002,.0009,-.0063,0
20130624,,,-.0119,-.0002,-.0051,.0012,-.0015,-.0039,0
20130625,.0114044,.0054692,.0096,.0007,.0081,-.003,.0029,.0052,0
20130626,.0163733,.0201404,.0092,-.0072,-.0015,-.0004,.0019,.0066,0
20130627,-.0016717,-.0000721,.0077,.0088,.0024,-.0033,.0024,.0048,0
20130628,-.0027401,.0005045,-.0033,.0028,-.0005,.002,-.0029,-.0041,0
20130701,,,.0071,.0076,-.0024,-.0014,0,.005,0
20130702,.0083032,.0057781,-.001,.0002,.001,.0006,-.0008,-.0007,0
20130703,.0076359,.0010573,.0012,.0016,-.0023,.0019,-.0007,.0003,0
20130705,,,.0111,.0045,.0029,-.0017,.0014,.0059,0
20130708,,,.0053,-.0014,.0009,.0019,.001,.002,0
20130709,-.002343,.0032348,.0074,.0005,.0034,-.0012,.0003,.0013,0
20130710,-.0004403,.0027441,.0006,.0028,-.0031,-.0016,-.0013,-.0033,0
20130711,.0182085,.0250745,.0132,-.0022,-.0048,-.0024,-.0017,.0009,0
20130712,.0054803,.0263298,.0033,-.0002,.0014,-.0059,.0004,.0049,0
20130715,,,.002,.0055,.0031,-.0003,.0007,-.0012,0
20130716,-.0020099,.0009785,-.0041,.0003,.0012,.0005,.0027,-.0058,0
20130717,-.0189873,.0059309,.003,-.0003,.0014,-.0038,.0004,.0035,0
20130718,.0041057,-.0148369,.0054,.0014,.0093,-.0021,.0021,.0018,0
20130719,.0045268,.003683,.0009,-.0011,.0032,-.0039,.0047,.0005,0
20130722,,,.0022,.0012,.0028,-.0013,.0009,.0015,0
20130723,-.0197043,-.0079742,-.0015,.001,.0032,-.0001,.0027,-.003,0
20130724,-.0155188,-.0070418,-.0039,-.0028,-.003,.0081,-.0007,.0006,0
20130725,.0234199,.0149194,.0042,.0048,-.0027,-.0055,-.0026,0,0
20130726,.0761332,.0283784,.0002,-.0067,-.002,.0007,-.0019,.0003,0
20130729,,,-.0037,-.0034,-.0028,.0024,-.0016,-.0042,0
20130730,-.0071773,-.0120549,.0012,.0016,-.0046,.0009,-.0009,.001,0
20130731,-.0088975,-.0039351,.0009,.0022,.0008,.0005,-.0005,.0062,0
20130801,,,.014,.0008,.0002,-.0011,-.0014,.0063,0
20130802,.0102069,-.0044508,.002,-.0024,-.0032,.0008,-.0005,.0048,0
20130805,,,-.0007,.0051,-.0019,.0009,-.0009,-.0011,0
20130806,-.0158172,-.0007973,-.0068,-.0036,-.0009,.0028,-.0005,-.0041,0
20130807,-.0083791,-.0127681,-.0042,-.0035,.0015,.0017,.0007,-.0044,0
20130808,.0103892,-.0039406,.0047,0,.0004,-.0007,.0015,.0008,0
20130809,-.0019194,.0051397,-.0029,.0012,-.0015,.0026,-.0017,.001,0
20130812,,,-.0002,.0056,-.0029,.002,-.0007,-.002,0
20130813,-.0039764,-.0091678,.002,-.0026,-.0009,.0019,-.0011,-.0002,0
20130814,-.0108756,-.0089465,-.005,.0015,.0026,.0001,.0002,-.0028,0
20130815,-.0154489,-.0167158,-.0147,-.0037,.0028,-.0007,.0002,-.0088,0
20130816,-.0004241,-.0057597,-.0026,.0005,.0003,-.0012,-.0013,.0041,0
20130819,,,-.0062,-.0026,-.008,.0071,-.0032,-.0018,0
20130820,.0052639,.0053226,.0053,.0085,.0013,-.003,.0008,.0047,0
20130821,.0007075,-.0087777,-.0059,-.0006,-.0047,-.0005,-.003,.0027,0
20130822,.0168293,.0181326,.0093,.0049,.0009,-.0039,-.0019,.0038,0
20130823,.0009736,.0009664,.0038,-.0026,-.0008,.0009,-.0024,-.0033,0
20130826,,,-.0029,.0046,-.0044,-.0021,-.0025,.0011,0
20130827,-.0239287,-.018448,-.0175,-.0078,-.0016,.0044,.0004,-.0096,0
20130828,.0114024,.0023137,.003,.0011,.0016,-.0017,-.0009,.0034,0
20130829,.0031004,.0085234,.0034,.0075,-.0048,-.0013,-.0025,.0076,0
20130830,-.0092723,-.0105641,-.0047,-.0115,-.0015,-.0008,-.001,-.0045,0
20130903,,,.0046,.0008,.0002,-.0037,-.0022,.0096,0
20130904,.0075419,.0167591,.0083,.0001,-.0017,-.0004,.001,.0047,0
20130905,-.0012475,.0015665,.0019,.0022,.0026,-.0013,-.0007,.0007,0
20130906,-.0066621,.0059843,.0001,-.0001,-.0001,-.0022,-.0011,-.0023,0
20130909,,,.0109,.0042,-.0023,-.0021,-.0015,-.0005,0
20130910,.024572,.0021687,.008,.0009,.0011,.0004,.0004,.007,0
20130911,.0157639,-.002397,.0028,-.0023,-.0004,.0013,.0015,-.0002,0
20130912,.003714,-.0026032,-.0032,-.0028,-.0034,.0021,-.0013,.0007,0
20130913,-.0013215,-.0031452,.0029,.0026,.0001,.0012,.0025,-.0004,0
20130916,,,.0049,-.0038,.0031,.0007,.0038,.0027,0
20130917,.0106327,.0273931,.0054,.0043,-.0014,-.0029,-.0021,.001,0
20130918,.0169648,.0258408,.011,-.0026,-.0037,-.0005,-.0017,-.0048,0
20130919,-.012673,.0000961,-.0013,.0008,-.0052,.0006,-.0029,.0008,0
20130920,-.0030124,.0137153,-.0063,.0051,.0009,.0003,-.0018,.0033,0
20130923,,,-.0045,.0039,-.0025,.0052,-.0023,-.0056,0
20130924,.0157909,.0084754,-.0012,.0049,.0005,-.0014,0,.0059,0
20130925,-.0027434,-.0047115,-.0023,.0011,.005,-.0033,.0001,.0023,0
20130926,.0110035,.0174956,.0042,.0013,-.0072,.0021,-.0033,.0033,0
20130927,.0019435,-.0066327,-.0039,0,-.001,.0009,-.0012,.0033,0
20130930,,,-.0049,.0051,.0005,.0018,.0004,.0026,0
20131001,,,.009,.0038,-.0012,-.0006,-.0021,.0048,0
20131002,.0003888,-.0013709,-.001,-.0033,.0005,-.0014,-.0008,-.0013,0
20131003,-.0041456,-.0179402,-.0088,-.0016,.0021,.0012,.0022,-.0011,0
20131004,.0068947,.0135977,.0074,.0001,.0009,-.0024,-.0013,.0052,0
20131007,,,-.0095,-.003,.0007,.0001,.0018,-.0078,0
20131008,-.0173042,-.0219333,-.0135,-.0042,.0082,.0044,.0054,-.0109,0
20131009,-.0035747,-.0164891,-.0005,-.0036,.0059,.0046,.0034,-.0023,0
20131010,.0247143,.0232706,.0223,.0019,-.0005,-.0021,-.0028,.0119,0
20131011,.0090767,.0187437,.0071,.0076,-.0002,.0013,-.001,.0024,0
20131014,,,.0044,.0021,-.0015,.0011,-.0014,.0027,0
20131015,-.0177977,-.0138398,-.0072,-.002,-.0003,.0028,-.0015,.0007,0
20131016,.0173381,.0133486,.0137,-.003,.0015,-.0049,-.0011,.006,0
20131017,.0089697,.0009018,.007,.0008,.0005,-.0017,.0005,.0021,0
20131018,.007239,.0584355,.0072,.0029,-.0011,.0005,-.0046,.0033,0
20131021,,,-.0002,-.0012,.0012,.0048,.0003,-.0016,0
20131022,.0181224,.0186865,.005,-.0031,.0013,.0007,.0035,-.0039,0
20131023,-.0105068,-.0173814,-.0051,.0014,-.0031,.0044,.0021,-.0056,0
20131024,-.0124922,.0166789,.0042,.0035,-.0025,.0008,-.0017,.0013,0
20131025,.0115117,.0938564,.0033,-.0033,.0024,.0008,.0004,-.0024,0
20131028,,,.0009,-.0007,-.0001,.0031,.0017,-.0058,0
20131029,.0115615,.0126759,.0054,-.0014,-.0015,.0013,.0029,.0029,0
20131030,.0151972,-.0044666,-.0061,-.0074,.0042,.0053,.0006,-.0044,0
20131031,.0027218,.00817,-.0034,-.001,-.0041,.003,.0016,.0037,0
20131101,,,.002,-.0066,.0027,.0016,.0029,-.0006,0
20131104,,,.0047,.0075,0,.0005,-.0003,.0006,0
20131105,.0201567,.0004182,-.0024,0,-.0032,.0024,-.0012,.0061,0
20131106,-.0104891,-.0075511,.0027,-.008,.003,.0027,.0018,-.0129,0
20131107,-.0253913,-.0354315,-.0146,-.0034,.0016,.0009,.0031,-.0115,0
20131108,.0269381,.0196472,.0145,.0063,.0023,-.0023,-.0004,.0127,0
20131111,,,.0012,.0005,-.0009,-.0002,-.0003,.0025,0
20131112,-.0046919,-.0136859,-.0019,.0032,-.007,.0056,.0013,-.0008,0
20131113,.0105446,.01914,.009,.0008,-.0013,-.0034,-.002,.0063,0
20131114,-.0039283,.0313851,.0043,-.0057,.0025,-.0006,.0002,-.0009,0
20131115,.0006163,.0048177,.0043,.0007,-.0029,-.0003,-.0004,-.0005,0
20131118,,,-.005,-.0038,.0044,.0046,.0029,-.009,0
20131119,-.0076981,-.0033863,-.0027,-.0029,.0017,-.0001,0,-.005,0
20131120,-.0028778,-.0064942,-.0033,.0027,-.0005,.0007,-.0003,.0009,0
20131121,.0230894,.0175139,.0097,.0082,-.0012,-.0036,-.0029,.0092,0
20131122,-.0022078,.0091889,.005,-.0008,.0011,-.0007,-.0004,.0049,0
20131125,,,-.0011,.0017,.0008,.0005,.0024,-.0035,0
20131126,.0099121,.0125584,.0018,.0081,-.0049,-.0024,-.0039,.0057,0
20131127,.0013495,.0140021,.003,.0033,-.0008,.0016,.0002,-.0019,0
20131129,,,-.0002,.0027,-.0013,-.0001,-.0018,-.002,0
20131202,,,-.0031,-.0091,.0017,-.0001,.0002,.0026,0
20131203,-.0064142,-.0194749,-.0034,-.0014,-.0005,.0007,-.0002,-.0062,0
20131204,-.0130354,.0033796,-.0007,-.002,.0024,-.0035,-.0014,.0005,0
20131205,.0027673,-.0038087,-.0035,.0059,-.0059,.0001,-.0044,.0027,0
20131206,.0027597,.0063981,.0102,-.0027,.0012,.0004,.0045,.0025,0
20131209,,,.0017,-.0039,.0001,-.0003,.0003,-.003,0
20131210,-.0294746,.0075086,-.0034,-.0052,.0013,-.0001,-.0005,.0015,0
20131211,-.0126647,-.0144154,-.0117,-.0035,.0009,.0053,.0011,-.0045,0
20131212,.0010471,-.0024595,-.0023,.004,.0032,-.0037,-.0006,.006,0
20131213,-.0016999,.0078426,.001,.0024,-.0001,-.0028,.002,.0041,0
20131216,,,.0067,.0057,-.0012,.0017,-.0003,.0001,0
20131217,-.0048392,-.0033936,-.0026,.0014,-.0013,-.001,-.0014,-.0008,0
20131218,.0208964,.0214369,.0155,-.0042,-.0001,-.0005,.0031,.0017,0
20131219,-.0068228,-.0019446,-.001,-.005,.0015,-.001,.0008,-.0013,0
20131220,.0066105,.0177383,.0069,.0124,-.0028,-.0026,-.0041,.0041,0
20131223,,,.0062,.0048,-.0011,-.0012,-.0016,-.0013,0
20131224,.003192,-.0092326,.0034,.0011,.0014,-.0007,.0016,-.0019,0
20131226,,,.0044,-.0033,-.0035,.0016,.0007,.0021,0
20131227,-.00393,-.0156038,-.0005,-.0002,.003,-.0001,.0024,-.0084,0
20131230,,,0,.0003,-.0032,.0019,.0007,-.0007,0
20131231,-.002037,.0137784,.0044,-.0016,.0009,0,-.0022,.0006,0
20140102,,,-.0088,-.0022,.0011,-.003,.0011,-.0007,0
20140103,-.0028509,-.0038445,.0003,.0042,.0003,-.0034,.0013,.0023,0
20140106,,,-.0034,-.0054,.0026,-.0031,.0006,-.0012,0
20140107,.0136537,.011178,.0068,.0032,-.0039,-.0015,-.003,.0056,0
20140108,.0106204,.0097732,.0004,.0002,-.0023,-.0047,-.0005,.0063,0
20140109,-.0055107,-.0022641,.0002,.0015,-.0034,-.0058,-.004,.0078,0
20140110,.0009021,-.0083539,.0027,.0043,-.0069,-.0043,-.0031,-.0017,0
20140113,,,-.0132,-.0009,.001,-.0006,.0046,-.0053,0
20140114,.004526,.0167783,.0115,.0011,-.0038,-.0007,-.0035,.0055,0
20140115,.009674,-.0042009,.0053,.0022,.0012,-.0037,-.0001,-.0031,0
20140116,-.0118126,-.0001768,-.0007,.0023,-.0065,-.0011,-.0028,-.0005,0
20140117,-.00518,.0096261,-.0039,.0002,.0003,-.002,.0003,-.0001,0
20140121,,,.003,.0042,.0002,-.003,-.0034,-.0006,0
20140122,-.0006789,-.0061663,.0015,.003,.002,-.0011,-.0016,.0028,0
20140123,-.0028532,-.011544,-.0086,.0009,-.004,.0015,-.0008,-.005,0
20140124,.0216651,-.0306849,-.0219,-.004,.0017,.0024,.0006,-.0098,0
20140127,,,-.0065,-.0079,.0046,.0032,.004,-.0055,0
20140128,-.0043121,.0210987,.0073,.0017,-.001,-.0083,.0016,.0084,0
20140129,-.0315334,-.0259361,-.0107,-.0034,.0027,.0009,.0014,-.0053,0
20140130,.0048911,.0489589,.0122,.002,-.0037,-.0089,-.0055,.0125,0
20140131,-.010986,-.1099725,-.0066,-.001,-.0019,.0008,-.002,.0011,0
20140203,,,-.0248,-.0086,.0031,.0006,.0004,-.0084,0
20140204,.0243584,.0052001,.0077,-.0007,-.0014,-.0005,.0023,.0044,0
20140205,-.0022647,-.004311,-.0023,-.0057,.0014,.0016,.0022,-.0011,0
20140206,.0265286,.0234954,.0121,-.0043,.0022,.0011,-.0007,.001,0
20140207,.0232173,.0183028,.0133,-.0022,-.0062,-.0046,-.005,.0062,0
20140210,,,.0016,.0005,-.0046,-.0023,-.0019,-.0008,0
20140211,-.0040107,.0025494,.0109,-.0018,.0027,-.0003,.001,.0005,0
20140212,-.0079194,-.034661,.0011,.0022,-.0007,.0014,.0001,.0025,0
20140213,.0105534,.0227631,.0072,.0068,-.0008,-.0023,-.0035,.0038,0
20140214,.0045521,.0004199,.0042,-.0031,.0041,.002,.0039,-.0028,0
20140218,,,.0027,.0095,-.0027,-.0031,-.0028,.0076,0
20140219,-.0087874,-.0177294,-.0074,-.0032,-.0038,.0022,.0003,-.0032,0
20140220,.003137,.0069664,.007,.0051,-.0004,-.002,-.0019,.0048,0
20140221,-.0134603,-.0086906,-.0009,.0034,-.0003,.0006,-.0005,.0029,0
20140224,,,.0065,.0023,.0025,-.0015,0,.004,0
20140225,-.0277011,.0185912,-.001,.0005,-.0057,-.0012,.0009,.0016,0
20140226,.0174344,.0041303,.0012,.0064,-.0023,0,.0003,-.0008,0
20140227,.0057119,.0009172,.0054,.0012,.0001,-.0016,-.0003,.0006,0
20140228,-.0170384,.0054703,.0015,-.0064,.0082,.0053,.001,-.0029,0
20140303,,,-.007,.0009,.0013,.0005,.0013,-.0006,0
20140304,.0168867,.0114514,.0167,.0109,-.0023,-.0034,-.0013,.0083,0
20140305,-.0050237,.0232756,.0001,-.0022,.002,-.0041,-.0016,.0036,0
20140306,.0194951,-.0005639,.0016,-.0025,.0072,.0029,.0035,-.0053,0
20140307,.0052276,-.0002687,.0004,-.0001,.0041,.0014,.0033,-.0019,0
20140310,,,-.0009,-.0008,.0003,.0001,-.0013,.0001,0
20140311,.0199837,-.004615,-.0062,-.0056,-.0019,.0043,-.0005,-.0011,0
20140312,.0079968,.0049347,.0013,.0027,-.0015,-.0018,-.0042,-.0002,0
20140313,-.0158667,.0023473,-.0121,-.0009,.0034,-.0003,.0004,-.0036,0
20140314,-.0021497,.0060025,-.0016,.0066,.0004,.0011,.0007,-.0013,0
20140317,,,.009,-.0036,-.0003,.0016,.0004,.0027,0
20140318,.0056619,.0099456,.0082,.0069,-.0045,-.003,-.0027,.0051,0
20140319,.0175604,-.0146262,-.0059,-.001,.0053,-.002,.0003,-.0011,0
20140320,.0138321,-.0114139,.0052,-.0034,.0078,.0003,.0032,-.0018,0
20140321,-.0032484,-.0226306,-.0037,-.0018,.0092,.003,.0047,-.0113,0
20140324,,,-.0064,-.008,.0097,.0057,.0035,-.0102,0
20140325,-.0153094,.0081284,.003,-.0034,.0015,.0017,.0014,-.0023,0
20140326,-.0143412,-.031857,-.0089,-.0111,.0031,.0063,.0046,-.0085,0
20140327,-.0019037,-.0143851,-.0019,-.0016,-.0027,-.0009,.0001,-.0045,0
20140328,.0040871,-.0005318,.0041,-.0038,.0052,.0051,.0031,-.0046,0
20140331,,,.0097,.0099,-.0017,-.0013,.0004,.0068,0
20140401,,,.0087,.0066,-.0051,.0004,-.0027,.0101,0
20140402,-.004594,-.003003,.0029,.0005,.0021,.0013,.0004,-.0008,0
20140403,-.007873,-.0243888,-.0031,-.0077,.0073,.0054,.0039,-.0105,0
20140404,-.0210698,-.0318326,-.0147,-.0106,.0081,.0039,.0048,-.017,0
20140407,,,-.0126,-.0036,.0003,.0013,.0007,-.0103,0
20140408,.0149085,.0292988,.005,.0029,-.0019,-.0001,-.0011,-.0011,0
20140409,.0139899,.0144923,.012,.0024,-.0089,-.0047,-.0054,.0139,0
20140410,-.031181,-.0443025,-.0224,-.0064,.0098,.0066,.0075,-.0186,0
20140411,-.021219,-.0169656,-.0107,-.004,.003,.0027,.0005,-.0052,0
20140414,,,.007,-.0048,.0021,.0031,-.0016,-.0018,0
20140415,-.0060597,.0005381,.0059,-.0036,.0023,-.0018,-.0015,.0002,0
20140416,.0275802,.0240446,.0113,-.0001,-.0036,.0001,-.0011,.0098,0
20140417,-.0090408,.0038001,.0023,.0033,.0022,-.0002,.0017,.0028,0
20140421,,,.0036,.0017,-.0044,.0007,-.0007,.002,0
20140422,.0095062,-.0046846,.0058,.0069,-.0037,-.0057,-.0009,.0073,0
20140423,-.0106817,-.0143934,-.0031,-.0052,.0085,.0022,.0024,-.003,0
20140424,.0099446,.038727,.0008,-.0043,-.0009,.0005,-.0019,-.0054,0
20140425,.005064,-.0988284,-.0105,-.0089,.0061,.0064,.0065,-.0128,0
20140428,,,.0011,-.0067,-.0046,.0099,.0002,-.0112,0
20140429,-.0040886,.0128128,.0056,-.0024,-.0023,-.0047,-.0017,.007,0
20140430,-.0002831,.0124842,.0035,.0022,-.0003,.0012,.0007,.0054,0
20140501,,,.0004,-.0015,-.0018,-.0036,-.0023,.0008,0
20140502,-.0073116,.0003897,-.0007,.0031,.002,.0056,.0015,.0012,0
20140505,,,.0013,-.0038,-.0047,.0006,-.0027,.004,0
20140506,-.0188945,-.0408643,-.0103,-.005,.0019,.0072,.0014,-.0044,0
20140507,.0022995,-.0157039,.0045,-.0072,.0126,-.0008,.0057,-.0013,0
20140508,-.0022942,-.0149977,-.0026,-.0096,.0024,.0029,.0027,-.0061,0
20140509,.0102041,.0135959,.0025,.0062,-.0047,-.0009,-.0007,-.0017,0
20140512,,,.012,.0138,-.0042,-.0028,-.0031,.0089,0
20140513,.0001406,.0058774,-.0005,-.0104,.0025,-.0008,-.0001,-.0017,0
20140514,-.0139124,-.0230437,-.006,-.0114,-.0029,.0006,-.0023,-.0044,0
20140515,-.0045603,-.0081647,-.009,.0032,-.0022,.0017,-.0006,-.0028,0
20140516,.0156049,.008503,.0036,.0021,-.0043,.0021,-.0016,-.0018,0
20140519,,,.005,.0066,-.0013,-.0011,-.0007,.0071,0
20140520,-.0111235,.0149279,-.0078,-.0079,.0028,.0001,-.0011,.0009,0
20140521,.0024206,.012683,.0081,-.0025,-.0004,.0008,-.0013,.0041,0
20140522,.0142045,-.0003279,.0036,.006,-.0023,-.0051,-.0023,.0008,0
20140523,.0081233,.0240398,.0049,.006,-.0029,0,-.0003,.0042,0
20140527,,,.0069,.0066,-.0018,-.0052,-.003,.0048,0
20140528,-.0052947,-.0021234,-.0011,-.0029,.0038,-.0008,.0013,.0018,0
20140529,-.0021837,.0116714,.0054,-.0022,-.001,-.0003,-.0021,.0026,0
20140530,.0017781,-.00392,.0006,-.0063,.0026,.0037,.001,-.0002,0
20140602,,,.0006,-.0064,.0036,.0025,.0019,.0025,0
20140603,.0044685,-.0053426,-.0005,-.0023,.0023,.0013,-.0016,.002,0
20140604,.0066055,-.0013347,.0028,.0024,-.0013,-.0014,-.002,.0034,0
20140605,.0006697,.0547298,.0077,.0128,-.0018,-.002,-.0011,-.0014,0
20140606,.0081638,.0188522,.0054,.0049,-.0004,-.0004,-.0008,-.0022,0
20140609,,,.0022,.0101,-.0036,-.0035,-.0004,-.0042,0
20140610,-.0077148,.0149924,-.0003,-.0019,-.0001,-.0033,.0008,-.0014,0
20140611,.002681,.0083933,-.0034,-.0015,-.0033,-.0011,-.0016,.0021,0
20140612,-.01123,-.0277148,-.0068,.0011,.0023,-.003,-.0003,-.0027,0
20140613,.0098702,.0011046,.0031,-.0006,-.0011,.0001,-.0013,-.0009,0
20140616,,,.0013,.0037,-.0058,-.0019,-.0029,.001,0
20140617,.0029298,-.0061046,.0034,.0058,.0038,-.0033,.0006,-.0005,0
20140618,.0033196,.0269026,.0075,-.0027,0,-.0005,-.0017,.0009,0
20140619,.0221017,-.0220707,.0012,-.0016,.0006,.0002,-.0009,.0012,0
20140620,-.0081575,-.0085627,.0018,.0022,-.0007,.0005,0,.0037,0
20140623,,,-.0001,-.0023,.0007,-.0007,-.0017,-.0016,0
20140624,.0091229,-.009412,-.0072,-.0037,-.0018,.0003,.0002,-.0043,0
20140625,.0089113,.0101185,.0053,.0034,.0001,-.0007,-.0021,.0039,0
20140626,-.0007681,-.0053445,-.0011,-.0008,.001,.0004,-.0005,.0022,0
20140627,-.0015372,-.0034388,.0026,.0046,-.0023,.0011,-.0013,-.0016,0
20140630,,,.0007,.0026,.0024,-.003,-.0017,.0012,0
20140701,,,.0074,.0045,-.0048,.0017,-.001,.0023,0
20140702,.0014088,.0013839,-.0003,-.0043,-.002,.0023,.0023,-.0008,0
20140703,.0111267,.0139402,.0059,.0022,.0002,.0012,.0023,.0003,0
20140707,,,-.0062,-.0121,.0041,.0073,.0028,-.0015,0
20140708,-.0016521,-.029201,-.0082,-.0057,.0079,.0069,.0045,-.0024,0
20140709,.0113289,.0190235,.0046,-.004,-.0011,-.0005,-.0009,.0032,0
20140710,-.0075519,-.0062126,-.0049,-.0061,.0007,-.0002,.0007,0,0
20140711,-.0031706,.0557453,.0012,-.0029,-.0036,-.0024,-.0015,.0011,0
20140714,,,.0046,0,-.0014,.0012,-.0016,.0038,0
20140715,.0042006,-.0024767,-.0032,-.0082,.0098,.0032,.0038,-.0048,0
20140716,-.0020281,.0041191,.0032,-.006,.0048,.0017,.0019,-.0013,0
20140717,-.0189255,-.0096937,-.0121,-.0036,.0014,.0036,.0018,-.0054,0
20140718,.0090627,.0176195,.0112,.0045,-.0055,-.0029,-.0033,.0053,0
20140721,,,-.0025,-.0023,.0003,-.0039,-.0029,.0023,0
20140722,.0145599,.003002,.0053,.0027,-.0028,.0013,-.0019,.0028,0
20140723,.00508,-.0074825,.0019,.0009,-.0058,-.003,0,.0026,0
20140724,.0165529,.0013123,.0005,-.0027,-.0008,-.0015,-.0003,-.0014,0
20140725,-.0212554,-.0964836,-.0053,-.0034,.0013,.0012,.0003,-.0024,0
20140728,,,-.0008,-.0046,.003,-.0004,0,-.0023,0
20140729,.0037009,-.0012796,-.0033,.0063,-.0056,-.0012,-.0015,-.0025,0
20140730,.0031786,.0078438,.0012,.0037,-.005,-.0043,-.0035,-.0012,0
20140731,-.0154626,-.0295185,-.0203,-.0015,.0048,.0038,.0026,-.0068,0
20140801,,,-.0032,-.0024,-.0003,.0004,.0015,.0031,0
20140804,,,.0074,.0003,-.0025,-.0017,-.0041,.0055,0
20140805,-.0095447,-.0042404,-.0084,.0071,-.0032,-.0003,0,-.0034,0
20140806,.0044276,.0050269,.0002,.0043,-.0006,.0022,.0024,-.0055,0
20140807,-.0054453,-.0077734,-.0052,-.0006,0,-.0007,-.0003,.001,0
20140808,.0118629,.0171776,.0113,-.0017,-.0002,.002,.0016,.0007,0
20140811,,,.004,.0056,-.003,-.0015,-.0028,-.0001,0
20140812,-.0006421,.00311,-.0023,-.0058,.0027,-.0006,.0002,-.0005,0
20140813,-.0074531,.0217963,.0069,-.0013,-.0026,-.0039,-.002,.0079,0
20140814,-.0080269,.0212394,.0044,-.0026,.0004,-.0023,-.0002,-.0032,0
20140815,.0037849,.0012605,0,-.0015,-.0005,.0014,-.0021,.004,0
20140818,,,.0093,.006,-.0032,.0011,.0003,.0014,0
20140819,.0068309,.0017936,.0049,-.0011,-.0007,.0021,-.0012,-.0003,0
20140820,-.0011521,.0019395,.0019,-.0064,.002,.0004,.0028,.0003,0
20140821,-.0071767,-.0085472,.0028,-.0007,.0069,-.0005,.0025,-.0038,0
20140822,-.0024526,-.0039651,-.001,.0026,-.0039,-.001,-.0019,.0008,0
20140825,,,.005,-.0021,.0005,-.0006,-.0009,.0029,0
20140826,-.0023086,.0233818,.0019,.0069,-.0039,-.0029,-.0018,-.0024,0
20140827,.0016711,.0039493,0,-.0023,.0026,.0005,.0011,.0006,0
20140828,-.0014117,-.009208,-.0019,-.004,.0013,.0011,.0001,.0004,0
20140829,0,-.0028821,.0039,.0028,.0007,-.0039,-.0014,.0005,0
20140902,,,.0006,.0043,-.0021,.0003,-.0024,.0029,0
20140903,-.0089056,-.0098721,-.0014,-.0051,.0029,-.0002,.0042,-.0015,0
20140904,.0048184,.0205015,-.0017,-.0016,-.002,.0018,-.0001,-.0035,0
20140905,.0102384,.0012429,.0045,-.0029,-.0002,.0007,.0002,.003,0
20140908,,,-.0022,.0047,-.0054,-.0037,-.0026,.0016,0
20140909,-.0070812,-.0367763,-.0072,-.0042,.0003,.0025,.0014,.0016,0
20140910,.001167,.0047915,.0045,.0017,-.0048,-.002,-.0018,-.0002,0
20140911,-.0141173,-.0024447,.0019,.0047,.0022,-.0033,.0001,-.0011,0
20140912,-.0085392,.0020271,-.0055,-.0017,-.0005,.0011,.0012,-.0041,0
20140915,,,-.0028,-.0092,.0068,.0042,.0071,-.0012,0
20140916,.0022691,.0119485,.007,-.004,-.0012,.0008,-.0017,.0067,0
20140917,.0033293,-.0114718,.0017,.0008,-.0022,-.002,-.0018,.0008,0
20140918,.0051766,.0030864,.005,.0002,-.0017,.0007,-.0002,.0006,0
20140919,.0044896,.0194462,-.0018,-.0096,.0012,.0013,-.0003,.0006,0
20140922,,,-.0097,-.0053,.0009,.0048,.002,-.0005,0
20140923,-.0085791,-.002681,-.0062,-.0032,-.0002,-.0001,-.0026,.0026,0
20140924,.0183883,.0141519,.0081,.0003,-.0091,.0006,-.0042,.0016,0
20140925,-.015932,-.0191341,-.0162,.0013,.0018,.0023,.0026,-.0022,0
20140926,.0141662,.003976,.0085,-.0008,-.0025,.0004,-.0047,.0058,0
20140929,,,-.0022,.0012,-.0042,.0005,-.0042,.0013,0
20140930,.0025243,.0019265,-.004,-.01,.0007,.0012,-.0003,-.0016,0
20141001,,,-.0139,-.0013,.0032,.0016,-.0005,-.0034,0
20141002,-.0021445,.0029925,.0015,.0097,-.0041,-.0029,-.0031,-.0025,0
20141003,.0193419,.0135988,.0108,-.0039,-.0043,-.0009,-.001,.0051,0
20141006,,,-.0026,-.0077,.0039,.0032,.0017,-.0033,0
20141007,-.0146374,-.0162011,-.0156,-.0013,.0024,.0019,.0002,.001,0
20141008,.0163403,.0180453,.017,-.0001,-.0013,-.0002,-.0005,.0028,0
20141009,-.0103641,-.0227146,-.0217,-.0045,-.0043,.0049,-.0013,.0006,0
20141010,-.0002686,-.01262,-.013,-.0009,.0061,.0064,.0033,-.0039,0
20141013,,,-.0159,.0131,.0048,-.0032,.0019,-.0096,0
20141014,.0076187,.0060695,.0028,.0079,.0007,-.0008,.0006,-.0083,0
20141015,-.0049491,-.0075898,-.0053,.0164,-.0119,-.0052,-.0057,-.0072,0
20141016,.0035922,-.0101644,.0023,.0107,.0022,-.0049,.0012,-.0028,0
20141017,.0123899,.0025755,.0114,-.0155,-.002,.0005,.0029,.0107,0
20141020,,,.0094,.0011,-.0022,-.0004,-.0034,.0004,0
20141021,-.0045515,.0297835,.0198,-.004,.0003,.001,-.0012,.0026,0
20141022,.0032275,-.0074842,-.0085,-.0053,.0009,.0012,.0018,.0075,0
20141023,.0032171,.000671,.0129,.0044,-.0052,-.0036,-.0004,.0006,0
20141024,.012961,-.0834025,.0066,-.0048,-.0019,-.0034,.0011,.0106,0
20141027,,,-.0017,.0008,-.0034,.0016,-.0002,.0035,0
20141028,.0142162,.0193813,.0137,.0155,-.0001,-.0034,-.0017,-.0029,0
20141029,-.0066191,-.0049731,-.0018,.0006,.0033,.0024,.0031,.0025,0
20141030,.0101907,.0168299,.006,.0021,-.0049,-.0044,.0006,.0001,0
20141031,-.0227626,.0213662,.0123,.0032,.0013,.0021,.0002,-.0004,0
20141103,,,-.0001,-.003,-.0009,.0003,.0012,.0034,0
20141104,.0080158,-.0095185,-.0035,-.0004,-.003,.0021,.0003,.0051,0
20141105,-.0006517,-.0207721,.0048,-.0044,.0089,.0019,.0078,-.0019,0
20141106,.0103052,.0004048,.0049,.0007,-.005,.0038,-.0029,.0021,0
20141107,.00439,.0108548,.0009,0,.0055,-.003,.0004,-.009,0
20141110,,,.0033,.0014,-.0054,-.0025,-.004,.0062,0
20141111,.0010303,.0226149,.001,0,-.0022,.0011,-.0027,-.0034,0
20141112,.0015437,-.0016025,.0007,.0073,-.0034,.0027,.0006,-.002,0
20141113,.0005138,.0159545,-.0003,-.0091,-.0039,.006,.0003,.0039,0
20141114,.0029529,.0358316,.0006,-.0013,.0018,.0001,-.001,-.0078,0
20141117,,,-.0005,-.0093,.003,-.0002,.0024,.0059,0
20141118,-.0033406,.0058195,.0051,-.0001,-.0037,-.0012,-.0001,.0063,0
20141119,.0032229,.004955,-.0021,-.0088,-.0002,.0032,.0008,-.0006,0
20141120,.004883,.0122496,.0031,.0087,.0001,-.0009,-.0004,-.0073,0
20141121,.0199489,.006323,.0048,-.0037,-.0005,-.0013,.0005,-.0037,0
20141124,,,.004,.0091,-.0065,-.0007,-.0008,.0011,0
20141125,-.0038499,-.0017876,-.0009,.0005,-.0009,.0007,.0015,.0049,0
20141126,-.0063583,-.0043875,.003,.0004,-.0046,-.0016,-.0019,.0098,0
20141128,,,-.0034,-.0101,-.0127,.0061,-.0006,.0123,0
20141201,,,-.009,-.0087,.006,.0007,.0049,.0032,0
20141202,-.0059369,.0009509,.0065,.0047,-.0009,-.0048,.0004,.008,0
20141203,.0012442,-.0300634,.0046,.0047,.0029,-.0007,.0004,-.0021,0
20141204,.0104386,.0013586,-.0017,-.0034,.0001,.0003,-.0016,.0092,0
20141205,.0277949,-.0135676,.0025,.0058,.0003,-.0059,.0017,.0041,0
20141208,,,-.0082,-.0056,.0014,-.0004,.0007,.0112,0
20141209,-.0091886,.0191103,.0013,.0168,-.0033,-.0051,-.0032,-.0036,0
20141210,-.0044562,-.021312,-.0172,-.0061,-.0011,.0003,.0015,.0065,0
20141211,.005565,.0049699,.005,-.0006,-.0019,.0019,.0003,.002,0
20141212,.001564,-.0001301,-.0155,.0044,-.0063,.0017,-.003,.0005,0
20141215,,,-.0068,-.0025,.001,.0069,.0014,.0015,0
20141216,-.021758,-.0359722,-.008,.0069,.0066,-.0018,.0044,-.006,0
20141217,.0165551,.0129465,.0215,.0086,-.0003,-.0054,-.0039,-.0064,0
20141218,-.005097,-.0038477,.0236,-.0089,-.0018,-.0037,-.0022,.0025,0
20141219,-.0073722,.0072884,.0043,-.0021,.0038,-.0039,0,-.0101,0
20141222,,,.0037,.0018,-.0018,.0016,.0008,.0021,0
20141223,.0110504,-.0008156,.0021,-.0013,.0112,.0058,.0061,-.0093,0
20141224,-.0019649,-.0106435,.0007,.0033,-.0017,-.0024,-.0008,.0072,0
20141226,,,.0039,.0032,-.0025,-.002,-.0018,.0007,0
20141229,,,.0013,.0021,.0062,.0009,.0017,-.0019,0
20141230,-.0071619,-.0055763,-.0048,.0006,.0023,.0011,.0024,-.0008,0
20141231,.0031789,.0001612,-.0093,.0047,-.0044,-.0009,-.0022,-.0048,0
20150102,,,-.0011,-.0057,.0017,-.0032,.001,-.0008,0
20150105,,,-.0184,.0028,-.0074,.0015,-.0014,.012,0
20150106,-.0081371,-.0228333,-.0104,-.008,-.0015,.0037,.0003,.0049,0
20150107,.0246118,.0105998,.0119,.0016,-.0064,.0019,-.0015,.0091,0
20150108,.0161369,.0068359,.0181,-.0009,-.0032,.0017,-.0018,.0013,0
20150109,-.0327312,-.0117486,-.0085,-.0003,-.004,-.0025,-.0016,.0014,0
20150112,,,-.0079,.0034,-.0037,.0013,.0018,.0091,0
20150113,.0079771,.0114272,-.0019,.0023,.0002,.0028,.0003,.003,0
20150114,-.0055645,-.0049875,-.006,.0024,-.0035,-.0005,-.0014,.0007,0
20150115,-.0104451,-.02155,-.0108,-.0095,.0068,.0052,.0059,.0076,0
20150116,.0129429,.0132078,.0136,.0049,-.0017,-.0036,-.0008,-.0024,0
20150120,,,.0011,-.0073,-.0046,.0005,-.0051,.0073,0
20150121,.0008619,.0269831,.0042,-.0093,.0067,.0026,-.0002,-.01,0
20150122,.0178373,.0439697,.0158,.0046,.0016,.0021,-.0013,.0033,0
20150123,.0662316,.0066706,-.0047,.0042,-.0075,-.0007,-.0059,.0013,0
20150126,,,.0043,.0059,-.0001,-.0039,-.001,-.0086,0
20150127,.0024965,-.0093974,-.0121,.0074,.0025,-.0049,.005,-.0044,0
20150128,-.0087163,-.0092583,-.0139,-.0017,-.0081,.0056,-.0019,.0121,0
20150129,.0169008,.0258958,.0098,.0021,-.0005,.0019,-.0032,.0061,0
20150130,-.0170691,.1371159,-.013,-.008,.0012,-.0002,-.0043,-.0264,0
20150202,,,.0124,-.004,.0099,.0014,.0017,-.008,0
20150203,.0056825,-.0025243,.0149,.0023,.0056,.0008,.0045,-.0126,0
20150204,.0023731,.0033008,-.0035,-.0009,-.0024,.0036,-.0013,.0077,0
20150205,.0105975,.0250583,.011,.0044,-.0013,-.0051,-.002,-.0071,0
20150206,-.0071397,.001043,-.002,.0012,.0025,.0017,-.0008,-.0087,0
20150209,,,-.0046,-.0036,.001,-.0002,0,-.0068,0
20150210,.0265706,.0065846,.0104,-.0036,-.0067,.0001,-.0041,.0121,0
20150211,-.0042772,.0057373,.0003,-.0015,-.0034,.0013,-.0007,.0047,0
20150212,.011455,.0054113,.01,.0019,-.0015,-.0005,-.0015,-.0044,0
20150213,-.0027224,.0123551,.0048,.0016,-.0032,-.0019,-.0021,-.013,0
20150217,,,.0017,0,-.0008,-.0015,-.0015,0,0
20150218,.0105401,-.005487,.0003,.002,-.0068,.0016,-.0015,.0066,0
20150219,.0018279,.0150789,-.0001,.0023,-.0048,.0012,-.0041,-.0055,0
20150220,.0036493,.0122955,.0061,-.0043,-.0033,-.0004,-.001,.0058,0
20150223,,,-.0008,.0004,-.0037,.0033,-.002,.0095,0
20150224,-.0013892,-.0040775,.0032,-.0002,.0065,-.0014,.0037,-.0004,0
20150225,.0086678,.0179086,.0002,.002,-.0048,-.0039,-.0023,-.01,0
20150226,.0030766,-.0014791,-.0008,.0057,-.0053,-.0002,-.0032,.0033,0
20150227,-.0112111,-.0120582,-.0036,-.0022,.0027,.0003,.0031,-.0021,0
20150302,,,.0062,.0022,-.0066,.0027,.0008,.0035,0
20150303,-.0024409,-.0027227,-.0043,-.003,.0038,-.0019,0,-.0039,0
20150304,-.01,-.004914,-.0041,.0011,-.0039,-.0003,-.0026,.0004,0
20150305,.0061251,.0133518,.0015,.0021,-.0044,-.0054,-.0016,-.0001,0
20150306,-.0150592,-.0199572,-.0129,.0031,.0031,-.0001,0,.0002,0
20150309,,,.0037,.0009,-.001,.0031,-.0002,.0076,0
20150310,-.0092433,-.0239064,-.0163,.0042,-.0042,-.0001,-.0013,.0048,0
20150311,-.0082448,-.0084978,-.0004,.0062,.0046,-.0043,-.0003,-.0003,0
20150312,.0214395,.021481,.0128,.0041,.0037,-.0008,.0023,.0067,0
20150313,-.0009638,-.0097798,-.0057,.0019,-.0002,-.0012,-.0013,.0074,0
20150316,,,.0123,-.0077,-.0043,-.0012,-.0015,.0062,0
20150317,.0036151,-.0038302,-.002,.0053,-.0002,0,-.0031,.0023,0
20150318,.0153618,.0086578,.0108,-.0051,.0018,.0001,-.0003,-.0083,0
20150319,.0200335,-.0050648,-.0036,.0079,-.0117,.0011,-.0041,.0094,0
20150320,-.0030688,.014066,.0081,-.0011,.0051,.0048,.0025,-.0036,0
20150323,,,-.0019,.0021,.0023,.0029,.0031,-.0051,0
20150324,.0056485,-.0027192,-.0051,.0053,-.0029,.0014,-.002,-.0031,0
20150325,-.0219567,-.008367,-.0156,-.009,.0115,.0024,.005,-.0121,0
20150326,-.0072047,-.0097315,-.0022,.001,-.001,.0015,-.0022,-.0002,0
20150327,-.0001052,.0087382,.0032,.0042,-.007,-.0027,-.0013,.0116,0
20150330,,,.0124,.0006,-.0001,-.0019,.0001,.0019,0
20150331,-.0133362,-.0066472,-.0075,.0045,.0038,.0014,.0024,-.0023,0
20150401,,,-.0038,.0034,.0053,-.002,.0024,-.0016,0
20150402,.014728,.0053746,.0035,-.001,.0028,-.0007,.0024,-.0057,0
20150406,,,.0061,-.003,0,.0016,-.002,-.0131,0
20150407,-.0047609,-.0069754,-.0022,-.0018,-.0021,-.0014,-.0023,-.003,0
20150408,.0123313,.0181352,.0037,.0047,-.0073,-.0007,-.0027,.0127,0
20150409,-.4963772,.0061385,.0041,-.0069,-.0003,-.0012,.0015,-.0082,0
20150410,.0043786,-.0023205,.0049,-.0008,-.0028,-.0011,.0021,.0033,0
20150413,,,-.0038,.0055,.0013,-.0015,-.0014,.0005,0
20150414,-.0041237,.0071922,.0011,-.0015,.0029,-.0002,.0008,-.0118,0
20150415,-.0033126,-.0043104,.0057,.0025,.0033,-.002,-.0005,-.0175,0
20150416,.002285,.0067545,-.0008,-.0011,-.0026,-.002,-.0021,.0058,0
20150417,-.013057,-.0271475,-.0123,-.0044,.0032,.0008,.0009,.0009,0
20150420,,,.0095,.0013,-.0022,.0035,-.0031,.0029,0
20150421,.0083385,.0042874,-.001,.0013,-.0081,.001,-.0025,.013,0
20150422,-.0006202,-.0035278,.0046,-.0037,.0013,.0009,0,-.0018,0
20150423,.0225486,.0004874,.0029,.0026,-.0013,-.0011,-.0022,-.0025,0
20150424,.0487558,.1413114,.0017,-.0054,-.0018,.0071,-.0053,.0037,0
20150427,,,-.0054,-.0067,.005,.006,-.0003,-.0127,0
20150428,-.005111,-.0210918,.0027,.0025,.0106,.0012,.0044,-.0075,0
20150429,.0007904,.0001398,-.0038,-.0071,.0071,-.0071,.0001,-.0118,0
20150430,-.0211254,-.0176771,-.0111,-.0102,.0072,.003,.0047,-.0115,0
20150501,,,.0101,-.0032,-.006,.002,-.0017,.0102,0
20150504,,,.0032,.0009,.0015,-.0018,.0003,.0023,0
20150505,-.0206145,-.0043731,-.0119,-.0011,.0034,.0012,.0028,-.0044,0
20150506,-.0097146,-.0049621,-.0031,.0059,-.002,-.0026,.001,.0041,0
20150507,.0085837,.0185636,.0039,-.0003,-.0044,-.0024,-.0002,.0088,0
20150508,.0087133,.015953,.0121,-.0054,-.002,-.003,-.0023,.0014,0
20150511,,,-.0039,.0066,-.001,-.0001,0,.0058,0
20150512,.0042424,-.0042278,-.0027,0,.0011,-.0013,.0001,-.0036,0
20150513,-.002414,-.0096283,.0001,.0002,-.0007,.0012,.0003,-.001,0
20150514,.0195604,.0126737,.0101,-.0016,-.0036,.0012,-.0042,.0087,0
20150515,.0047468,-.0145276,.0005,-.0024,-.0001,.0008,.0026,-.0038,0
20150518,,,.0044,.0072,-.0008,-.0019,-.0027,.0076,0
20150519,.0046893,-.0083012,-.0009,-.0006,.0003,-.0006,-.0005,.0088,0
20150520,-.0075846,.0050983,-.0005,.002,-.0009,-.0012,.0007,-.002,0
20150521,.005879,.0183316,.0023,-.003,.0008,.0008,-.0015,-.0057,0
20150522,.0029222,-.0092672,-.0022,-.0013,-.0014,-.0011,-.0007,.003,0
20150526,,,-.0101,-.0004,-.0001,-.0013,.0015,.0041,0
20150527,.0147522,.0139846,.0093,.0031,-.0038,.0004,-.0029,.0081,0
20150528,.0042644,-.011242,-.0012,.0011,.0007,-.0021,.0008,.0023,0
20150529,.0028951,.0062358,-.0058,.0006,.0006,-.0033,-.0001,.0012,0
20150601,,,.0017,-.0007,-.002,.0019,-.0037,.0043,0
20150602,-.0093834,.0001624,-.0002,.0034,.0031,-.0002,.0016,-.0089,0
20150603,.0075391,.0129934,.0039,.0088,-.004,.0003,-.0006,.0032,0
20150604,-.0076746,-.0133077,-.0088,-.0011,.0002,.0019,-.0003,.0017,0
20150605,.0090873,-.0088908,.0006,.0084,-.0005,-.0042,-.0036,-.0024,0
20150608,,,-.0066,.0004,.0005,.0009,.0005,-.0002,0
20150609,.0001941,.0046754,.0002,-.0027,.0024,.0017,.0011,-.0003,0
20150610,.0223127,.012433,.012,.0016,.0016,.0004,.0003,-.001,0
20150611,-.0037957,.0051072,.0021,-.0009,-.0012,.0012,-.0002,.0045,0
20150612,.0026672,-.0070443,-.0063,.0034,.001,.0013,.001,.001,0
20150615,,,-.0045,.0017,-.0015,-.0025,-.0025,.0031,0
20150616,.013392,.0084736,.0057,.001,-.0001,.0017,-.0007,.0014,0
20150617,.0050972,.0012872,.0016,-.0032,-.0053,.0006,-.001,.0016,0
20150618,.0163411,.0270681,.0099,.0016,-.0042,-.0013,-.0015,.0085,0
20150619,-.0033266,-.0101732,-.0043,.0052,-.0021,.001,-.0006,.0039,0
20150622,,,.0063,.0011,-.0012,-.0011,-.0024,.0019,0
20150623,.0040816,.0222329,.0012,.0024,.0029,.0004,-.0001,-.0026,0
20150624,-.0075758,-.0115473,-.0079,-.0014,.0012,.0021,-.0001,.0001,0
20150625,.0067027,-.0016786,-.0025,.0033,-.002,.002,-.0008,.0091,0
20150626,.010172,-.0045444,-.0006,-.0019,.0043,.0031,.0035,.0002,0
20150629,,,-.0215,-.0043,.0034,.002,.0009,.0028,0
20150630,.0013072,.0098404,.0033,.0031,-.007,-.0033,-.0063,.0069,0
20150701,,,.006,-.0073,-.0022,.0026,.0007,.0163,0
20150702,.0064948,.0007316,-.0011,-.0062,.0012,-.0016,.0001,-.0031,0
20150706,,,-.0037,.0009,-.0054,-.0014,-.0022,.0143,0
20150707,.0012889,.0015595,.0053,-.0051,-.0006,.0021,0,-.004,0
20150708,-.0182053,-.0160743,-.0168,-.0005,.0011,.0008,.001,.0058,0
20150709,.0123619,.0109146,.0028,.002,-.0016,-.0017,-.0025,.0003,0
20150710,.0096207,.0209949,.0124,.0019,-.0057,-.001,-.0007,.0115,0
20150713,,,.0114,-.0011,-.0051,.0019,-.0033,.0001,0
20150714,.0008977,.0219505,.0047,.0011,.0006,-.0034,-.0035,-.0029,0
20150715,-.0073543,-.0094078,-.0019,-.0079,-.0013,-.0022,-.0032,.0135,0
20150716,.0072281,.0309851,.0078,-.0024,-.0059,-.0021,-.0067,.0076,0
20150717,-.0008971,.0158366,.0005,-.0065,-.0071,-.0011,-.0094,-.0003,0
20150720,,,-.0001,-.0078,-.0066,.0048,-.003,.014,0
20150721,-.0001779,-.0002049,-.0047,.0008,.0021,-.0007,-.0007,-.0033,0
20150722,.0087188,.0005533,-.0018,.0027,.001,-.0038,.0011,.0116,0
20150723,-.0022931,-.0124726,-.006,-.0039,-.0051,.0006,-.0002,-.0015,0
20150724,.0129066,.0979717,-.0108,-.0067,.0003,-.0011,-.0004,.0107,0
20150727,,,-.0074,-.0027,.0021,-.0006,.0037,.0025,0
20150728,.002808,-.0101239,.0123,-.0033,-.001,.0004,.0016,-.0091,0
20150729,.0064753,.005646,.0074,-.0021,.0054,.0095,.0032,-.0107,0
20150730,.0095636,.0146692,.0012,.0019,-.003,.0007,-.0015,.0025,0
20150731,-.0022391,-.0011364,-.0015,.0069,-.0095,.0011,-.0004,.0124,0
20150803,,,-.0035,-.0032,-.0015,.0005,.0004,.0102,0
20150804,.0087644,-.0058501,-.0014,.0005,-.003,.0018,.0017,.0029,0
20150805,.005281,.009607,.0036,-.0008,-.0039,.0015,-.0007,.0085,0
20150806,-.0301644,-.0140593,-.0088,-.0039,.0206,.0014,.0074,-.022,0
20150807,-.0005242,-.0129189,-.0036,-.0041,-.0037,.003,.0019,.0108,0
20150810,,,.0131,.0019,.006,.0019,.0005,-.0203,0
20150811,.0014217,.0066031,-.0098,-.001,.0057,-.0008,.0005,.0012,0
20150812,.0005324,-.0029387,.0007,-.002,-.0011,-.0031,-.0016,-.0106,0
20150813,.0083362,.0071305,-.0014,-.004,-.0007,.0016,-.0011,.0139,0
20150814,.0043975,.0035118,.0043,.0014,.0043,-.0001,.0005,.0021,0
20150817,,,.006,.0033,-.0082,-.003,-.0044,.0074,0
20150818,.0015587,-.0003736,-.0035,-.0059,.0039,.0042,.0008,.002,0
20150819,-.0041501,-.0039252,-.0085,-.002,-.0019,-.0013,-.0005,.0124,0
20150820,-.0309081,-.0321623,-.0224,-.0024,.0075,.0045,.0064,-.0038,0
20150821,-.0532163,-.0413161,-.0295,.0177,.002,-.0088,.0083,-.0011,0
20150824,,,-.039,.0027,-.0038,.0034,.0014,-.0001,0
20150825,.0148987,.0064743,-.0117,.0061,-.0079,-.0004,-.0066,.0088,0
20150826,.0561754,.0737612,.0368,-.0138,-.0048,.0043,-.0068,.0047,0
20150827,.0368792,.0351459,.024,-.0059,.0057,-.0024,-.0023,-.0212,0
20150828,-.0057194,-.0006945,.0023,.0097,.0007,-.0019,.0009,-.0157,0
20150831,,,-.0074,.009,.014,.0011,.0052,-.018,0
20150901,,,-.0291,.0024,-.0049,-.0007,.0007,.0087,0
20150902,.0328972,.0282152,.0181,-.0029,-.0105,.0031,-.0066,.0103,0
20150903,-.0103149,-.011419,.0017,-.002,.0071,.0015,.0077,-.0074,0
20150904,-.0074968,-.011333,-.0139,.0081,-.0059,-.0005,-.0046,.007,0
20150908,,,.0252,-.0041,-.0064,-.0007,-.0028,.009,0
20150909,-.0094186,-.0012559,-.0134,.0017,.0013,.0026,.0001,.0032,0
20150910,.0124337,.0103503,.0049,-.0016,-.0041,-.0005,-.0066,.0032,0
20150911,.02095,.0137868,.0044,-.0027,-.007,-.0011,-.0029,.0126,0
20150914,,,-.0041,.0003,-.0001,-.0003,-.0007,.0048,0
20150915,.0110144,.0018988,.0122,-.0015,.0026,-.0002,.0007,-.0038,0
20150916,.00615,.0096101,.0084,.0006,.0053,.003,.0024,-.0173,0
20150917,.0003493,.0217675,-.0017,.0072,-.013,-.0041,-.0053,.0108,0
20150918,-.0076815,.0025795,-.0162,.0024,-.0083,-.0039,-.0054,.0129,0
20150921,,,.0036,-.0081,.0119,.005,.002,-.001,0
20150922,-.0072993,-.0182169,-.0129,-.0029,.002,.0026,.0007,.0039,0
20150923,.0117297,-.0043277,-.0027,-.0021,-.0014,-.0011,-.0028,.0199,0
20150924,.0100363,-.0043278,-.0036,.0024,.0061,-.0002,.0007,-.0055,0
20150925,-.0065101,-.0177986,-.0022,-.0141,.019,.0045,.0069,-.0056,0
20150928,,,-.0263,-.0021,.0121,.0047,.0069,-.0032,0
20150929,-.0008965,-.0158513,-.0007,-.0062,.0071,.0066,.0066,-.0039,0
20150930,.0201005,.0318907,.0188,-.0048,-.0055,-.0037,-.0034,.0035,0
20151001,,,.0013,-.005,-.0006,-.0006,-.0019,.0068,0
20151002,.0104385,.0226994,.0148,.0026,-.007,-.0031,-.0002,-.0219,0
20151005,,,.0193,.0074,.0078,.0021,.0064,-.0201,0
20151006,-.0059282,-.0114038,-.0043,-.0007,.0164,.0033,.0059,-.0311,0
20151007,.0015335,.008298,.0094,.0068,-.0037,-.0017,-.0001,-.0035,0
20151008,.0115686,-.0162011,.0084,.0032,.0087,.0039,.0074,-.0159,0
20151009,.010259,.0124541,.0012,.0009,-.0105,.0021,-.0017,.0042,0
20151012,,,.0006,-.0042,-.0009,.0015,-.0009,.0189,0
20151013,-.0062769,-.0023446,-.0074,-.0066,.0068,.0037,.002,-.0024,0
20151014,-.0222739,-.0074148,-.006,-.0029,.0023,-.0062,.0037,-.0077,0
20151015,.0147909,.032322,.0156,.0062,-.0026,-.0103,-.005,.0062,0
20151016,.0040208,.0147927,.0036,-.0054,-.0035,.0007,.0001,.0084,0
20151019,,,0,.001,-.0072,.0022,-.0034,.0135,0
20151020,-.0014761,-.021408,-.0014,.0017,.0122,.0036,.0028,-.0106,0
20151021,-.0057491,-.0091107,-.0074,-.0091,-.0018,.0041,.0022,.0044,0
20151022,.01586,.0146463,.015,-.0072,.0026,.002,.0056,-.0073,0
20151023,.0182143,.0622795,.0109,-.0004,-.0085,.0048,-.0087,.0095,0
20151026,,,-.002,-.0039,-.0062,.002,-.0019,.0177,0
20151027,-.0113511,.0039435,-.0042,-.0105,-.0104,-.003,-.0049,.0171,0
20151028,.0127571,.009967,.0143,.0154,.0037,-.0044,-.0025,-.0069,0
20151029,-.015903,.0153136,-.002,-.0091,.0021,.0038,-.002,-.0048,0
20151030,.00112,-.0010374,-.0042,.0015,-.0027,.0006,.0009,-.0103,0
20151102,,,.0125,.0089,-.0016,-.0043,-.0004,-.0099,0
20151103,.0089974,-.004838,.0032,.0045,.0014,-.0001,-.0007,-.0151,0
20151104,-.0133758,.0250116,-.0026,.0019,-.0035,-.0051,-.007,.007,0
20151105,.0051646,.0229347,-.0008,.0008,.0038,.0026,.0014,.011,0
20151106,-.0049775,.0056737,.0014,.0092,-.0028,-.0029,-.0015,.0034,0
20151109,,,-.0095,-.0027,-.0001,-.0069,-.0001,.0026,0
20151110,.0136942,.0063922,.0013,-.0001,.0031,-.0009,.0021,.0093,0
20151111,-.0049855,.0205706,-.0043,-.0057,-.0007,-.0007,.0005,.014,0
20151112,-.0129303,-.0113628,-.0145,-.0055,-.0049,.0016,-.0026,.0069,0
20151113,-.0217783,-.0349309,-.0107,.003,.0037,-.0073,.0042,-.0058,0
20151116,,,.0139,-.0055,.0057,.0012,-.0012,-.0105,0
20151117,-.0021424,-.0069619,-.0011,-.0022,-.0072,.0021,-.0017,.0087,0
20151118,.0206441,.0314628,.0161,0,-.0015,.0003,-.0037,-.0057,0
20151119,-.0055016,-.003421,-.0013,-.0031,.0002,-.0008,.0012,.0021,0
20151120,.0086235,.0108579,.0035,.0039,-.0042,.0034,0,.0091,0
20151123,,,-.0001,.0062,-.0039,.0016,-.0018,.0003,0
20151124,-.0108557,-.0115465,.0021,.0073,.0028,.0014,.0008,-.0136,0
20151125,.0037121,.006243,.0009,.0084,-.0063,-.0007,-.001,-.0004,0
20151127,,,.0009,.0018,-.0027,-.0015,.0007,.0078,0
20151130,,,-.0047,.0019,.0073,-.0034,.0009,-.0065,0
20151201,,,.0097,-.0062,.0017,.0003,-.0014,.0048,0
20151202,-.0024442,-.0044915,-.0101,.002,-.0084,.0015,-.0015,.0097,0
20151203,-.0272787,-.0144377,-.015,-.0019,.0047,.0035,.0022,-.0007,0
20151204,.0369438,.009591,.0186,-.0104,-.0059,.0021,-.0034,.0197,0
20151207,,,-.0084,-.0089,-.0058,.0065,.0018,.0067,0
20151208,.0043626,.0111969,-.0059,.0027,-.0116,-.0007,-.0076,.0106,0
20151209,-.0157658,-.0185139,-.0083,-.0024,.0055,.0028,.0063,-.0144,0
20151210,.0112782,-.0037154,.003,.0012,-.0031,.0032,-.0017,-.0054,0
20151211,-.033134,-.0334732,-.0203,-.0022,.0006,.0014,.0034,.0044,0
20151214,,,.0029,-.0112,-.0009,.0023,-.0033,.0145,0
20151215,.0010014,.0011096,.011,.0021,.0068,-.0078,.0014,.0001,0
20151216,.0061687,.0260081,.0147,-.0001,-.0054,-.0026,-.0018,-.0017,0
20151217,-.0137531,-.0075765,-.0146,.0029,-.0028,-.0027,-.0007,.0069,0
20151218,-.015121,-.009707,-.0169,.007,-.003,-.0031,.0019,-.008,0
20151221,,,.0074,-.0017,-.0013,-.0007,.0004,-.0003,0
20151222,.007558,-.0020466,.0089,.0002,.0054,.0012,.005,-.0111,0
20151223,.0058343,.0008294,.013,.002,.0074,-.0022,.0015,-.0193,0
20151224,-.0003315,-.0013712,-.0011,.0028,-.0008,-.0015,.0008,.0008,0
20151228,,,-.0029,-.0053,-.0035,.001,-.0006,.0141,0
20151229,.0156173,.0277991,.0105,.0003,-.0031,.0007,-.0034,.002,0
20151230,-.0050712,-.0070608,-.0074,-.0018,-.0008,.0002,.0015,.0051,0
20151231,-.0129892,-.0191272,-.0092,-.0022,.0032,-.0016,.001,-.0098,0
20160104,,,-.0159,-.0077,.007,.0012,.0041,-.0196,0
20160105,.0066942,-.0050236,.0013,-.0025,.0005,-.0001,.0033,.0065,0
20160106,-.0088662,-.0017986,-.0135,-.0023,.0001,.0019,.0003,.0188,0
20160107,-.0247721,-.039058,-.0244,-.0031,.0022,.0032,.0042,.0087,0
20160108,-.0010583,-.001464,-.0111,-.0052,.0008,.0009,.0005,-.0011,0
20160111,,,-.0006,-.0061,.004,.0063,.0043,.0161,0
20160112,.0283639,.0002429,.0071,-.0042,-.01,.0025,-.003,.0106,0
20160113,-.0267407,-.0583923,-.0267,-.0062,.009,.0006,.0066,.0012,0
20160114,.0191809,.0192331,.0165,-.0009,-.0025,-.0062,-.0047,-.006,0
20160115,-.0166158,-.0384823,-.0214,.0038,-.0011,.0022,.0034,.0035,0
20160119,,,-.002,-.014,.0005,.0028,.0025,.0156,0
20160120,-.0278395,-.0047172,-.0094,.0167,-.0132,.0019,-.0054,-.0005,0
20160121,.0370696,.0056841,.0045,-.0047,.0024,.0034,.0062,-.027,0
20160122,.0023717,.0371465,.0208,.0013,-.0015,-.0042,-.0079,-.0017,0
20160125,,,-.0171,-.0053,-.0098,.0027,.0001,.0159,0
20160126,.0155952,.0079124,.0152,.0056,.0111,.0051,.0071,-.0196,0
20160127,-.0167207,-.0297714,-.0111,-.004,.0178,-.0028,.0107,-.0049,0
20160128,.0288044,.0891403,.0048,-.0046,.0143,.0034,-.0047,.0042,0
20160129,.024962,-.0760998,.0257,.0059,.0028,-.001,.0047,-.0122,0
